employee_id,cost_center,punch_in_time,punch_out_time,punch_apply_date,hours_worked,paycode
1,5,,,2021-06-23,8,ON_CALL
3,5,,,2021-06-23,5,ON_CALL
3,5,2021-06-23 06:10:00,2021-06-23 09:10:00,2021-06-23,3.0,WRK
4,5,,,2021-06-23,8,ABSENT
5,4,,,2021-06-23,7,ON_CALL
5,4,2021-06-23 14:18:00,2021-06-23 15:18:00,2021-06-23,1.0,WRK
6,2,,,2021-06-23,3,CHARGE
6,2,2021-06-23 06:01:00,2021-06-23 11:44:00,2021-06-23,5.7,WRK
6,2,,,2021-06-23,0.9,BREAK
6,2,2021-06-23 12:38:00,2021-06-23 14:01:00,2021-06-23,1.4,WRK
7,4,2021-06-23 06:03:00,2021-06-23 09:44:00,2021-06-23,3.7,WRK
7,4,,,2021-06-23,0.6,BREAK
7,4,2021-06-23 10:17:00,2021-06-23 14:03:00,2021-06-23,3.8,WRK
8,4,,,2021-06-23,6,ON_CALL
8,4,2021-06-23 14:01:00,2021-06-23 16:01:00,2021-06-23,2.0,WRK
9,3,2021-06-23 06:09:00,2021-06-23 11:56:00,2021-06-23,5.8,WRK
9,3,,,2021-06-23,0.7,BREAK
9,3,2021-06-23 12:38:00,2021-06-23 14:09:00,2021-06-23,1.5,WRK
10,3,,,2021-06-23,8,ABSENT
11,5,,,2021-06-23,5,ON_CALL
11,5,2021-06-23 14:18:00,2021-06-23 17:18:00,2021-06-23,3.0,WRK
12,5,,,2021-06-23,8,ON_CALL
13,1,,,2021-06-23,8,ABSENT
14,5,2021-06-23 14:06:00,2021-06-23 16:52:00,2021-06-23,2.8,WRK
14,5,,,2021-06-23,0.8,BREAK
14,5,2021-06-23 17:39:00,2021-06-23 22:06:00,2021-06-23,4.5,WRK
15,2,,,2021-06-23,5,ON_CALL
15,2,2021-06-23 06:08:00,2021-06-23 09:08:00,2021-06-23,3.0,WRK
16,3,,,2021-06-23,8,ON_CALL
17,1,,,2021-06-23,6,ON_CALL
17,1,2021-06-23 14:11:00,2021-06-23 16:11:00,2021-06-23,2.0,WRK
19,3,,,2021-06-23,1,CHARGE
19,3,2021-06-23 14:06:00,2021-06-23 18:37:00,2021-06-23,4.5,WRK
19,3,,,2021-06-23,0.5,BREAK
19,3,2021-06-23 19:08:00,2021-06-23 22:06:00,2021-06-23,3.0,WRK
20,4,,,2021-06-23,1,CHARGE
20,4,2021-06-23 14:19:00,2021-06-23 17:58:00,2021-06-23,3.7,WRK
20,4,,,2021-06-23,1.0,BREAK
20,4,2021-06-23 18:56:00,2021-06-23 22:19:00,2021-06-23,3.4,WRK
21,3,,,2021-06-23,8,ABSENT
25,1,,,2021-06-23,8,ABSENT
26,5,,,2021-06-23,1,CHARGE
26,5,2021-06-23 14:13:00,2021-06-23 19:55:00,2021-06-23,5.7,WRK
26,5,,,2021-06-23,0.7,BREAK
26,5,2021-06-23 20:34:00,2021-06-23 22:13:00,2021-06-23,1.6,WRK
27,4,,,2021-06-23,5,ON_CALL
27,4,2021-06-23 14:07:00,2021-06-23 17:07:00,2021-06-23,3.0,WRK
28,1,,,2021-06-23,8,ABSENT
29,2,2021-06-23 14:11:00,2021-06-23 16:48:00,2021-06-23,2.6,WRK
29,2,,,2021-06-23,0.9,BREAK
29,2,2021-06-23 17:45:00,2021-06-23 22:11:00,2021-06-23,4.4,WRK
1,5,2021-06-24 06:11:00,2021-06-24 10:54:00,2021-06-24,4.7,WRK
1,5,,,2021-06-24,0.7,BREAK
1,5,2021-06-24 11:36:00,2021-06-24 14:11:00,2021-06-24,2.6,WRK
2,4,,,2021-06-24,8,ON_CALL
3,5,2021-06-24 14:07:00,2021-06-24 16:55:00,2021-06-24,2.8,WRK
3,5,,,2021-06-24,0.7,BREAK
3,5,2021-06-24 17:35:00,2021-06-24 22:07:00,2021-06-24,4.5,WRK
4,5,,,2021-06-24,8,ABSENT
5,4,2021-06-24 06:16:00,2021-06-24 12:02:00,2021-06-24,5.8,WRK
5,4,,,2021-06-24,0.6,BREAK
5,4,2021-06-24 12:36:00,2021-06-24 14:16:00,2021-06-24,1.7,WRK
6,2,2021-06-24 06:14:00,2021-06-24 12:03:00,2021-06-24,5.8,WRK
6,2,,,2021-06-24,1.0,BREAK
6,2,2021-06-24 13:03:00,2021-06-24 14:14:00,2021-06-24,1.2,WRK
8,4,,,2021-06-24,2,CHARGE
8,4,2021-06-24 06:14:00,2021-06-24 08:55:00,2021-06-24,2.7,WRK
8,4,,,2021-06-24,0.8,BREAK
8,4,2021-06-24 09:42:00,2021-06-24 14:14:00,2021-06-24,4.5,WRK
9,3,,,2021-06-24,1,CHARGE
9,3,2021-06-24 14:01:00,2021-06-24 18:32:00,2021-06-24,4.5,WRK
9,3,,,2021-06-24,0.6,BREAK
9,3,2021-06-24 19:05:00,2021-06-24 22:01:00,2021-06-24,2.9,WRK
10,3,2021-06-24 06:02:00,2021-06-24 09:33:00,2021-06-24,3.5,WRK
10,3,,,2021-06-24,0.7,BREAK
10,3,2021-06-24 10:12:00,2021-06-24 14:02:00,2021-06-24,3.8,WRK
12,5,,,2021-06-24,7,ON_CALL
12,5,2021-06-24 14:01:00,2021-06-24 15:01:00,2021-06-24,1.0,WRK
13,1,,,2021-06-24,8,ABSENT
14,5,,,2021-06-24,8,ON_CALL
15,2,,,2021-06-24,2,CHARGE
15,2,2021-06-24 06:00:00,2021-06-24 08:32:00,2021-06-24,2.5,WRK
15,2,,,2021-06-24,0.7,BREAK
15,2,2021-06-24 09:12:00,2021-06-24 14:00:00,2021-06-24,4.8,WRK
17,1,,,2021-06-24,8,ABSENT
19,3,,,2021-06-24,8,ABSENT
20,4,,,2021-06-24,5,ON_CALL
20,4,2021-06-24 06:16:00,2021-06-24 09:16:00,2021-06-24,3.0,WRK
21,3,,,2021-06-24,7,ON_CALL
21,3,2021-06-24 06:10:00,2021-06-24 07:10:00,2021-06-24,1.0,WRK
22,5,,,2021-06-24,6,ON_CALL
22,5,2021-06-24 06:11:00,2021-06-24 08:11:00,2021-06-24,2.0,WRK
23,4,,,2021-06-24,3,CHARGE
23,4,2021-06-24 14:16:00,2021-06-24 16:49:00,2021-06-24,2.6,WRK
23,4,,,2021-06-24,0.7,BREAK
23,4,2021-06-24 17:29:00,2021-06-24 22:16:00,2021-06-24,4.8,WRK
25,1,,,2021-06-24,8,ON_CALL
26,5,,,2021-06-24,8,ABSENT
27,4,,,2021-06-24,1,CHARGE
27,4,2021-06-24 06:06:00,2021-06-24 11:54:00,2021-06-24,5.8,WRK
27,4,,,2021-06-24,0.5,BREAK
27,4,2021-06-24 12:25:00,2021-06-24 14:06:00,2021-06-24,1.7,WRK
28,1,2021-06-24 06:05:00,2021-06-24 08:38:00,2021-06-24,2.6,WRK
28,1,,,2021-06-24,0.9,BREAK
28,1,2021-06-24 09:33:00,2021-06-24 14:05:00,2021-06-24,4.5,WRK
29,2,,,2021-06-24,3,CHARGE
29,2,2021-06-24 14:20:00,2021-06-24 16:58:00,2021-06-24,2.6,WRK
29,2,,,2021-06-24,0.8,BREAK
29,2,2021-06-24 17:48:00,2021-06-24 22:20:00,2021-06-24,4.5,WRK
1,5,,,2021-06-25,8,ABSENT
2,4,2021-06-25 14:16:00,2021-06-25 19:01:00,2021-06-25,4.8,WRK
2,4,,,2021-06-25,0.8,BREAK
2,4,2021-06-25 19:51:00,2021-06-25 22:16:00,2021-06-25,2.4,WRK
3,5,,,2021-06-25,8,ON_CALL
4,5,,,2021-06-25,8,ABSENT
5,4,2021-06-25 14:02:00,2021-06-25 19:33:00,2021-06-25,5.5,WRK
5,4,,,2021-06-25,0.8,BREAK
5,4,2021-06-25 20:22:00,2021-06-25 22:02:00,2021-06-25,1.7,WRK
6,2,2021-06-25 06:15:00,2021-06-25 09:53:00,2021-06-25,3.6,WRK
6,2,,,2021-06-25,0.7,BREAK
6,2,2021-06-25 10:34:00,2021-06-25 14:15:00,2021-06-25,3.7,WRK
7,4,2021-06-25 06:13:00,2021-06-25 11:01:00,2021-06-25,4.8,WRK
7,4,,,2021-06-25,0.6,BREAK
7,4,2021-06-25 11:39:00,2021-06-25 14:13:00,2021-06-25,2.6,WRK
8,4,2021-06-25 06:04:00,2021-06-25 08:51:00,2021-06-25,2.8,WRK
8,4,,,2021-06-25,0.5,BREAK
8,4,2021-06-25 09:23:00,2021-06-25 14:04:00,2021-06-25,4.7,WRK
9,3,2021-06-25 06:10:00,2021-06-25 09:45:00,2021-06-25,3.6,WRK
9,3,,,2021-06-25,0.8,BREAK
9,3,2021-06-25 10:36:00,2021-06-25 14:10:00,2021-06-25,3.6,WRK
10,3,,,2021-06-25,3,CHARGE
10,3,2021-06-25 14:00:00,2021-06-25 19:40:00,2021-06-25,5.7,WRK
10,3,,,2021-06-25,1.0,BREAK
10,3,2021-06-25 20:39:00,2021-06-25 22:00:00,2021-06-25,1.4,WRK
11,5,,,2021-06-25,8,ABSENT
12,5,,,2021-06-25,8,ON_CALL
13,1,,,2021-06-25,7,ON_CALL
13,1,2021-06-25 06:10:00,2021-06-25 07:10:00,2021-06-25,1.0,WRK
14,5,,,2021-06-25,3,CHARGE
14,5,2021-06-25 06:10:00,2021-06-25 11:42:00,2021-06-25,5.5,WRK
14,5,,,2021-06-25,0.8,BREAK
14,5,2021-06-25 12:30:00,2021-06-25 14:10:00,2021-06-25,1.7,WRK
15,2,2021-06-25 06:16:00,2021-06-25 11:53:00,2021-06-25,5.6,WRK
15,2,,,2021-06-25,0.8,BREAK
15,2,2021-06-25 12:39:00,2021-06-25 14:16:00,2021-06-25,1.6,WRK
16,3,,,2021-06-25,1,CHARGE
16,3,2021-06-25 06:17:00,2021-06-25 10:07:00,2021-06-25,3.8,WRK
16,3,,,2021-06-25,0.9,BREAK
16,3,2021-06-25 11:01:00,2021-06-25 14:17:00,2021-06-25,3.3,WRK
18,1,,,2021-06-25,6,ON_CALL
18,1,2021-06-25 14:03:00,2021-06-25 16:03:00,2021-06-25,2.0,WRK
19,3,,,2021-06-25,6,ON_CALL
19,3,2021-06-25 14:07:00,2021-06-25 16:07:00,2021-06-25,2.0,WRK
20,4,,,2021-06-25,8,ON_CALL
21,3,2021-06-25 06:17:00,2021-06-25 08:53:00,2021-06-25,2.6,WRK
21,3,,,2021-06-25,0.7,BREAK
21,3,2021-06-25 09:33:00,2021-06-25 14:17:00,2021-06-25,4.7,WRK
24,2,,,2021-06-25,8,ABSENT
25,1,,,2021-06-25,5,ON_CALL
25,1,2021-06-25 06:10:00,2021-06-25 09:10:00,2021-06-25,3.0,WRK
27,4,,,2021-06-25,8,ABSENT
29,2,,,2021-06-25,8,ABSENT
1,5,,,2021-06-26,8,ABSENT
2,4,,,2021-06-26,8,ABSENT
3,5,,,2021-06-26,2,CHARGE
3,5,2021-06-26 14:05:00,2021-06-26 16:52:00,2021-06-26,2.8,WRK
3,5,,,2021-06-26,0.9,BREAK
3,5,2021-06-26 17:44:00,2021-06-26 22:05:00,2021-06-26,4.3,WRK
4,5,,,2021-06-26,8,ABSENT
5,4,,,2021-06-26,8,ABSENT
7,4,,,2021-06-26,2,CHARGE
7,4,2021-06-26 06:10:00,2021-06-26 11:43:00,2021-06-26,5.6,WRK
7,4,,,2021-06-26,0.7,BREAK
7,4,2021-06-26 12:26:00,2021-06-26 14:10:00,2021-06-26,1.7,WRK
9,3,,,2021-06-26,8,ABSENT
10,3,,,2021-06-26,8,ABSENT
11,5,,,2021-06-26,8,ABSENT
13,1,,,2021-06-26,8,ABSENT
14,5,,,2021-06-26,7,ON_CALL
14,5,2021-06-26 06:06:00,2021-06-26 07:06:00,2021-06-26,1.0,WRK
15,2,,,2021-06-26,8,ABSENT
16,3,,,2021-06-26,8,ABSENT
17,1,,,2021-06-26,8,ABSENT
18,1,,,2021-06-26,8,ABSENT
19,3,,,2021-06-26,8,ABSENT
20,4,,,2021-06-26,8,ABSENT
22,5,,,2021-06-26,8,ABSENT
23,4,2021-06-26 06:10:00,2021-06-26 11:43:00,2021-06-26,5.6,WRK
23,4,,,2021-06-26,1.0,BREAK
23,4,2021-06-26 12:43:00,2021-06-26 14:10:00,2021-06-26,1.4,WRK
24,2,,,2021-06-26,8,ABSENT
25,1,,,2021-06-26,8,ABSENT
27,4,,,2021-06-26,8,ABSENT
28,1,2021-06-26 14:16:00,2021-06-26 17:53:00,2021-06-26,3.6,WRK
28,1,,,2021-06-26,0.9,BREAK
28,1,2021-06-26 18:46:00,2021-06-26 22:16:00,2021-06-26,3.5,WRK
29,2,,,2021-06-26,2,CHARGE
29,2,2021-06-26 14:08:00,2021-06-26 18:40:00,2021-06-26,4.5,WRK
29,2,,,2021-06-26,0.5,BREAK
29,2,2021-06-26 19:10:00,2021-06-26 22:08:00,2021-06-26,3.0,WRK
1,5,2021-06-27 06:14:00,2021-06-27 11:00:00,2021-06-27,4.8,WRK
1,5,,,2021-06-27,0.6,BREAK
1,5,2021-06-27 11:37:00,2021-06-27 14:14:00,2021-06-27,2.6,WRK
2,4,,,2021-06-27,8,ABSENT
3,5,,,2021-06-27,8,ABSENT
4,5,2021-06-27 06:04:00,2021-06-27 09:43:00,2021-06-27,3.7,WRK
4,5,,,2021-06-27,0.8,BREAK
4,5,2021-06-27 10:30:00,2021-06-27 14:04:00,2021-06-27,3.6,WRK
6,2,,,2021-06-27,3,CHARGE
6,2,2021-06-27 06:17:00,2021-06-27 08:57:00,2021-06-27,2.7,WRK
6,2,,,2021-06-27,0.6,BREAK
6,2,2021-06-27 09:31:00,2021-06-27 14:17:00,2021-06-27,4.8,WRK
7,4,,,2021-06-27,8,ABSENT
8,4,,,2021-06-27,8,ABSENT
9,3,,,2021-06-27,1,CHARGE
9,3,2021-06-27 14:17:00,2021-06-27 18:05:00,2021-06-27,3.8,WRK
9,3,,,2021-06-27,0.9,BREAK
9,3,2021-06-27 19:02:00,2021-06-27 22:17:00,2021-06-27,3.2,WRK
11,5,,,2021-06-27,8,ABSENT
14,5,,,2021-06-27,8,ABSENT
15,2,,,2021-06-27,8,ABSENT
16,3,,,2021-06-27,8,ABSENT
17,1,,,2021-06-27,8,ABSENT
18,1,,,2021-06-27,8,ABSENT
19,3,,,2021-06-27,8,ABSENT
20,4,2021-06-27 14:08:00,2021-06-27 18:52:00,2021-06-27,4.7,WRK
20,4,,,2021-06-27,0.7,BREAK
20,4,2021-06-27 19:36:00,2021-06-27 22:08:00,2021-06-27,2.5,WRK
21,3,,,2021-06-27,8,ABSENT
22,5,,,2021-06-27,8,ABSENT
23,4,,,2021-06-27,8,ABSENT
24,2,,,2021-06-27,8,ABSENT
25,1,,,2021-06-27,8,ABSENT
27,4,,,2021-06-27,7,ON_CALL
27,4,2021-06-27 14:12:00,2021-06-27 15:12:00,2021-06-27,1.0,WRK
28,1,,,2021-06-27,8,ABSENT
29,2,,,2021-06-27,8,ABSENT
1,5,,,2021-06-28,8,ABSENT
3,5,,,2021-06-28,8,ABSENT
4,5,,,2021-06-28,8,ABSENT
5,4,,,2021-06-28,7,ON_CALL
5,4,2021-06-28 06:11:00,2021-06-28 07:11:00,2021-06-28,1.0,WRK
6,2,2021-06-28 14:17:00,2021-06-28 20:05:00,2021-06-28,5.8,WRK
6,2,,,2021-06-28,0.8,BREAK
6,2,2021-06-28 20:55:00,2021-06-28 22:17:00,2021-06-28,1.4,WRK
7,4,,,2021-06-28,8,ABSENT
9,3,,,2021-06-28,5,ON_CALL
9,3,2021-06-28 06:04:00,2021-06-28 09:04:00,2021-06-28,3.0,WRK
10,3,,,2021-06-28,6,ON_CALL
10,3,2021-06-28 14:10:00,2021-06-28 16:10:00,2021-06-28,2.0,WRK
12,5,,,2021-06-28,8,ABSENT
13,1,,,2021-06-28,1,CHARGE
13,1,2021-06-28 14:08:00,2021-06-28 18:55:00,2021-06-28,4.8,WRK
13,1,,,2021-06-28,0.8,BREAK
13,1,2021-06-28 19:43:00,2021-06-28 22:08:00,2021-06-28,2.4,WRK
14,5,2021-06-28 14:01:00,2021-06-28 18:31:00,2021-06-28,4.5,WRK
14,5,,,2021-06-28,0.7,BREAK
14,5,2021-06-28 19:11:00,2021-06-28 22:01:00,2021-06-28,2.8,WRK
15,2,,,2021-06-28,8,ON_CALL
16,3,,,2021-06-28,8,ON_CALL
17,1,,,2021-06-28,8,ABSENT
18,1,,,2021-06-28,8,ON_CALL
19,3,2021-06-28 14:19:00,2021-06-28 16:55:00,2021-06-28,2.6,WRK
19,3,,,2021-06-28,0.6,BREAK
19,3,2021-06-28 17:33:00,2021-06-28 22:19:00,2021-06-28,4.8,WRK
20,4,,,2021-06-28,6,ON_CALL
20,4,2021-06-28 06:10:00,2021-06-28 08:10:00,2021-06-28,2.0,WRK
21,3,,,2021-06-28,5,ON_CALL
21,3,2021-06-28 14:09:00,2021-06-28 17:09:00,2021-06-28,3.0,WRK
23,4,,,2021-06-28,8,ON_CALL
24,2,,,2021-06-28,7,ON_CALL
24,2,2021-06-28 14:01:00,2021-06-28 15:01:00,2021-06-28,1.0,WRK
25,1,,,2021-06-28,8,ABSENT
27,4,2021-06-28 06:02:00,2021-06-28 11:45:00,2021-06-28,5.7,WRK
27,4,,,2021-06-28,0.9,BREAK
27,4,2021-06-28 12:40:00,2021-06-28 14:02:00,2021-06-28,1.4,WRK
28,1,,,2021-06-28,8,ABSENT
29,2,2021-06-28 06:19:00,2021-06-28 09:57:00,2021-06-28,3.6,WRK
29,2,,,2021-06-28,0.8,BREAK
29,2,2021-06-28 10:48:00,2021-06-28 14:19:00,2021-06-28,3.5,WRK
1,5,,,2021-06-29,5,ON_CALL
1,5,2021-06-29 06:16:00,2021-06-29 09:16:00,2021-06-29,3.0,WRK
2,4,2021-06-29 14:16:00,2021-06-29 19:48:00,2021-06-29,5.5,WRK
2,4,,,2021-06-29,0.6,BREAK
2,4,2021-06-29 20:25:00,2021-06-29 22:16:00,2021-06-29,1.9,WRK
3,5,,,2021-06-29,7,ON_CALL
3,5,2021-06-29 06:13:00,2021-06-29 07:13:00,2021-06-29,1.0,WRK
4,5,,,2021-06-29,8,ON_CALL
5,4,,,2021-06-29,8,ABSENT
6,2,,,2021-06-29,1,CHARGE
6,2,2021-06-29 06:09:00,2021-06-29 09:55:00,2021-06-29,3.8,WRK
6,2,,,2021-06-29,0.9,BREAK
6,2,2021-06-29 10:50:00,2021-06-29 14:09:00,2021-06-29,3.3,WRK
7,4,2021-06-29 06:08:00,2021-06-29 08:40:00,2021-06-29,2.5,WRK
7,4,,,2021-06-29,0.9,BREAK
7,4,2021-06-29 09:36:00,2021-06-29 14:08:00,2021-06-29,4.5,WRK
9,3,2021-06-29 06:06:00,2021-06-29 11:36:00,2021-06-29,5.5,WRK
9,3,,,2021-06-29,0.7,BREAK
9,3,2021-06-29 12:20:00,2021-06-29 14:06:00,2021-06-29,1.8,WRK
10,3,,,2021-06-29,6,ON_CALL
10,3,2021-06-29 14:02:00,2021-06-29 16:02:00,2021-06-29,2.0,WRK
12,5,,,2021-06-29,8,ABSENT
13,1,,,2021-06-29,8,ON_CALL
14,5,,,2021-06-29,8,ABSENT
15,2,,,2021-06-29,1,CHARGE
15,2,2021-06-29 14:04:00,2021-06-29 17:38:00,2021-06-29,3.6,WRK
15,2,,,2021-06-29,0.9,BREAK
15,2,2021-06-29 18:32:00,2021-06-29 22:04:00,2021-06-29,3.5,WRK
16,3,,,2021-06-29,5,ON_CALL
16,3,2021-06-29 06:16:00,2021-06-29 09:16:00,2021-06-29,3.0,WRK
17,1,,,2021-06-29,8,ABSENT
19,3,,,2021-06-29,2,CHARGE
19,3,2021-06-29 06:00:00,2021-06-29 10:45:00,2021-06-29,4.8,WRK
19,3,,,2021-06-29,0.5,BREAK
19,3,2021-06-29 11:15:00,2021-06-29 14:00:00,2021-06-29,2.8,WRK
20,4,,,2021-06-29,5,ON_CALL
20,4,2021-06-29 14:16:00,2021-06-29 17:16:00,2021-06-29,3.0,WRK
21,3,,,2021-06-29,8,ABSENT
22,5,,,2021-06-29,8,ABSENT
23,4,2021-06-29 14:16:00,2021-06-29 17:04:00,2021-06-29,2.8,WRK
23,4,,,2021-06-29,1.0,BREAK
23,4,2021-06-29 18:04:00,2021-06-29 22:16:00,2021-06-29,4.2,WRK
24,2,2021-06-29 14:07:00,2021-06-29 19:57:00,2021-06-29,5.8,WRK
24,2,,,2021-06-29,0.8,BREAK
24,2,2021-06-29 20:47:00,2021-06-29 22:07:00,2021-06-29,1.3,WRK
25,1,,,2021-06-29,8,ABSENT
26,5,,,2021-06-29,8,ABSENT
28,1,,,2021-06-29,8,ABSENT
1,5,,,2021-06-30,5,ON_CALL
1,5,2021-06-30 14:19:00,2021-06-30 17:19:00,2021-06-30,3.0,WRK
2,4,,,2021-06-30,3,CHARGE
2,4,2021-06-30 14:15:00,2021-06-30 19:56:00,2021-06-30,5.7,WRK
2,4,,,2021-06-30,0.7,BREAK
2,4,2021-06-30 20:40:00,2021-06-30 22:15:00,2021-06-30,1.6,WRK
3,5,,,2021-06-30,5,ON_CALL
3,5,2021-06-30 14:08:00,2021-06-30 17:08:00,2021-06-30,3.0,WRK
4,5,2021-06-30 14:17:00,2021-06-30 17:58:00,2021-06-30,3.7,WRK
4,5,,,2021-06-30,0.6,BREAK
4,5,2021-06-30 18:36:00,2021-06-30 22:17:00,2021-06-30,3.7,WRK
5,4,,,2021-06-30,1,CHARGE
5,4,2021-06-30 14:06:00,2021-06-30 16:48:00,2021-06-30,2.7,WRK
5,4,,,2021-06-30,0.8,BREAK
5,4,2021-06-30 17:36:00,2021-06-30 22:06:00,2021-06-30,4.5,WRK
6,2,,,2021-06-30,5,ON_CALL
6,2,2021-06-30 06:12:00,2021-06-30 09:12:00,2021-06-30,3.0,WRK
7,4,,,2021-06-30,2,CHARGE
7,4,2021-06-30 06:10:00,2021-06-30 09:42:00,2021-06-30,3.5,WRK
7,4,,,2021-06-30,0.9,BREAK
7,4,2021-06-30 10:38:00,2021-06-30 14:10:00,2021-06-30,3.5,WRK
8,4,2021-06-30 14:07:00,2021-06-30 19:42:00,2021-06-30,5.6,WRK
8,4,,,2021-06-30,0.8,BREAK
8,4,2021-06-30 20:27:00,2021-06-30 22:07:00,2021-06-30,1.7,WRK
9,3,,,2021-06-30,8,ABSENT
10,3,2021-06-30 14:13:00,2021-06-30 17:55:00,2021-06-30,3.7,WRK
10,3,,,2021-06-30,0.9,BREAK
10,3,2021-06-30 18:47:00,2021-06-30 22:13:00,2021-06-30,3.4,WRK
11,5,,,2021-06-30,5,ON_CALL
11,5,2021-06-30 06:01:00,2021-06-30 09:01:00,2021-06-30,3.0,WRK
12,5,2021-06-30 14:16:00,2021-06-30 19:50:00,2021-06-30,5.6,WRK
12,5,,,2021-06-30,0.7,BREAK
12,5,2021-06-30 20:32:00,2021-06-30 22:16:00,2021-06-30,1.7,WRK
14,5,,,2021-06-30,1,CHARGE
14,5,2021-06-30 06:00:00,2021-06-30 08:45:00,2021-06-30,2.8,WRK
14,5,,,2021-06-30,0.5,BREAK
14,5,2021-06-30 09:17:00,2021-06-30 14:00:00,2021-06-30,4.7,WRK
15,2,,,2021-06-30,8,ABSENT
17,1,,,2021-06-30,8,ABSENT
18,1,,,2021-06-30,8,ABSENT
20,4,,,2021-06-30,8,ON_CALL
22,5,,,2021-06-30,1,CHARGE
22,5,2021-06-30 14:05:00,2021-06-30 18:37:00,2021-06-30,4.5,WRK
22,5,,,2021-06-30,0.8,BREAK
22,5,2021-06-30 19:22:00,2021-06-30 22:05:00,2021-06-30,2.7,WRK
23,4,,,2021-06-30,8,ON_CALL
25,1,,,2021-06-30,7,ON_CALL
25,1,2021-06-30 14:02:00,2021-06-30 15:02:00,2021-06-30,1.0,WRK
26,5,,,2021-06-30,8,ABSENT
27,4,,,2021-06-30,7,ON_CALL
27,4,2021-06-30 06:04:00,2021-06-30 07:04:00,2021-06-30,1.0,WRK
28,1,,,2021-06-30,8,ABSENT
29,2,,,2021-06-30,2,CHARGE
29,2,2021-06-30 14:07:00,2021-06-30 17:38:00,2021-06-30,3.5,WRK
29,2,,,2021-06-30,0.7,BREAK
29,2,2021-06-30 18:20:00,2021-06-30 22:07:00,2021-06-30,3.8,WRK
1,5,,,2021-07-01,5,ON_CALL
1,5,2021-07-01 14:03:00,2021-07-01 17:03:00,2021-07-01,3.0,WRK
2,4,,,2021-07-01,2,CHARGE
2,4,2021-07-01 06:06:00,2021-07-01 11:46:00,2021-07-01,5.7,WRK
2,4,,,2021-07-01,0.9,BREAK
2,4,2021-07-01 12:40:00,2021-07-01 14:06:00,2021-07-01,1.4,WRK
3,5,,,2021-07-01,3,CHARGE
3,5,2021-07-01 06:14:00,2021-07-01 12:00:00,2021-07-01,5.8,WRK
3,5,,,2021-07-01,0.5,BREAK
3,5,2021-07-01 12:30:00,2021-07-01 14:14:00,2021-07-01,1.7,WRK
4,5,2021-07-01 06:13:00,2021-07-01 10:57:00,2021-07-01,4.7,WRK
4,5,,,2021-07-01,0.8,BREAK
4,5,2021-07-01 11:47:00,2021-07-01 14:13:00,2021-07-01,2.4,WRK
6,2,,,2021-07-01,3,CHARGE
6,2,2021-07-01 14:04:00,2021-07-01 19:49:00,2021-07-01,5.8,WRK
6,2,,,2021-07-01,0.7,BREAK
6,2,2021-07-01 20:30:00,2021-07-01 22:04:00,2021-07-01,1.6,WRK
7,4,,,2021-07-01,8,ABSENT
8,4,,,2021-07-01,8,ABSENT
9,3,,,2021-07-01,8,ABSENT
10,3,2021-07-01 14:12:00,2021-07-01 19:58:00,2021-07-01,5.8,WRK
10,3,,,2021-07-01,0.8,BREAK
10,3,2021-07-01 20:43:00,2021-07-01 22:12:00,2021-07-01,1.5,WRK
12,5,2021-07-01 14:05:00,2021-07-01 19:48:00,2021-07-01,5.7,WRK
12,5,,,2021-07-01,0.9,BREAK
12,5,2021-07-01 20:42:00,2021-07-01 22:05:00,2021-07-01,1.4,WRK
13,1,,,2021-07-01,3,CHARGE
13,1,2021-07-01 06:03:00,2021-07-01 08:37:00,2021-07-01,2.6,WRK
13,1,,,2021-07-01,0.9,BREAK
13,1,2021-07-01 09:31:00,2021-07-01 14:03:00,2021-07-01,4.5,WRK
15,2,,,2021-07-01,8,ABSENT
16,3,,,2021-07-01,8,ABSENT
17,1,,,2021-07-01,8,ON_CALL
19,3,,,2021-07-01,8,ABSENT
20,4,,,2021-07-01,1,CHARGE
20,4,2021-07-01 06:03:00,2021-07-01 08:34:00,2021-07-01,2.5,WRK
20,4,,,2021-07-01,0.9,BREAK
20,4,2021-07-01 09:27:00,2021-07-01 14:03:00,2021-07-01,4.6,WRK
21,3,,,2021-07-01,8,ON_CALL
23,4,,,2021-07-01,2,CHARGE
23,4,2021-07-01 14:09:00,2021-07-01 17:46:00,2021-07-01,3.6,WRK
23,4,,,2021-07-01,1.0,BREAK
23,4,2021-07-01 18:45:00,2021-07-01 22:09:00,2021-07-01,3.4,WRK
24,2,,,2021-07-01,2,CHARGE
24,2,2021-07-01 06:09:00,2021-07-01 10:58:00,2021-07-01,4.8,WRK
24,2,,,2021-07-01,0.9,BREAK
24,2,2021-07-01 11:52:00,2021-07-01 14:09:00,2021-07-01,2.3,WRK
25,1,2021-07-01 14:02:00,2021-07-01 18:45:00,2021-07-01,4.7,WRK
25,1,,,2021-07-01,0.7,BREAK
25,1,2021-07-01 19:29:00,2021-07-01 22:02:00,2021-07-01,2.5,WRK
26,5,,,2021-07-01,8,ABSENT
27,4,,,2021-07-01,8,ON_CALL
28,1,,,2021-07-01,7,ON_CALL
28,1,2021-07-01 14:15:00,2021-07-01 15:15:00,2021-07-01,1.0,WRK
29,2,,,2021-07-01,1,CHARGE
29,2,2021-07-01 14:04:00,2021-07-01 17:36:00,2021-07-01,3.5,WRK
29,2,,,2021-07-01,0.9,BREAK
29,2,2021-07-01 18:33:00,2021-07-01 22:04:00,2021-07-01,3.5,WRK
3,5,,,2021-07-02,1,CHARGE
3,5,2021-07-02 14:17:00,2021-07-02 17:55:00,2021-07-02,3.6,WRK
3,5,,,2021-07-02,0.8,BREAK
3,5,2021-07-02 18:41:00,2021-07-02 22:17:00,2021-07-02,3.6,WRK
4,5,,,2021-07-02,8,ABSENT
5,4,,,2021-07-02,5,ON_CALL
5,4,2021-07-02 06:14:00,2021-07-02 09:14:00,2021-07-02,3.0,WRK
7,4,,,2021-07-02,8,ABSENT
8,4,,,2021-07-02,5,ON_CALL
8,4,2021-07-02 06:13:00,2021-07-02 09:13:00,2021-07-02,3.0,WRK
9,3,,,2021-07-02,6,ON_CALL
9,3,2021-07-02 14:07:00,2021-07-02 16:07:00,2021-07-02,2.0,WRK
10,3,,,2021-07-02,5,ON_CALL
10,3,2021-07-02 14:12:00,2021-07-02 17:12:00,2021-07-02,3.0,WRK
11,5,,,2021-07-02,1,CHARGE
11,5,2021-07-02 06:15:00,2021-07-02 09:01:00,2021-07-02,2.8,WRK
11,5,,,2021-07-02,0.5,BREAK
11,5,2021-07-02 09:32:00,2021-07-02 14:15:00,2021-07-02,4.7,WRK
13,1,,,2021-07-02,8,ABSENT
14,5,,,2021-07-02,8,ABSENT
15,2,,,2021-07-02,5,ON_CALL
15,2,2021-07-02 14:10:00,2021-07-02 17:10:00,2021-07-02,3.0,WRK
16,3,,,2021-07-02,7,ON_CALL
16,3,2021-07-02 06:13:00,2021-07-02 07:13:00,2021-07-02,1.0,WRK
17,1,,,2021-07-02,6,ON_CALL
17,1,2021-07-02 14:19:00,2021-07-02 16:19:00,2021-07-02,2.0,WRK
19,3,,,2021-07-02,8,ABSENT
20,4,,,2021-07-02,8,ABSENT
21,3,2021-07-02 06:10:00,2021-07-02 10:57:00,2021-07-02,4.8,WRK
21,3,,,2021-07-02,0.9,BREAK
21,3,2021-07-02 11:54:00,2021-07-02 14:10:00,2021-07-02,2.3,WRK
22,5,,,2021-07-02,3,CHARGE
22,5,2021-07-02 06:18:00,2021-07-02 11:52:00,2021-07-02,5.6,WRK
22,5,,,2021-07-02,0.6,BREAK
22,5,2021-07-02 12:29:00,2021-07-02 14:18:00,2021-07-02,1.8,WRK
23,4,,,2021-07-02,8,ON_CALL
24,2,,,2021-07-02,8,ABSENT
25,1,,,2021-07-02,6,ON_CALL
25,1,2021-07-02 14:06:00,2021-07-02 16:06:00,2021-07-02,2.0,WRK
26,5,,,2021-07-02,7,ON_CALL
26,5,2021-07-02 06:03:00,2021-07-02 07:03:00,2021-07-02,1.0,WRK
27,4,,,2021-07-02,7,ON_CALL
27,4,2021-07-02 14:16:00,2021-07-02 15:16:00,2021-07-02,1.0,WRK
28,1,,,2021-07-02,6,ON_CALL
28,1,2021-07-02 06:13:00,2021-07-02 08:13:00,2021-07-02,2.0,WRK
29,2,,,2021-07-02,8,ABSENT
1,5,,,2021-07-03,8,ABSENT
3,5,,,2021-07-03,8,ABSENT
4,5,,,2021-07-03,8,ABSENT
5,4,,,2021-07-03,8,ABSENT
6,2,,,2021-07-03,8,ON_CALL
7,4,,,2021-07-03,8,ABSENT
9,3,,,2021-07-03,1,CHARGE
9,3,2021-07-03 14:05:00,2021-07-03 19:41:00,2021-07-03,5.6,WRK
9,3,,,2021-07-03,0.9,BREAK
9,3,2021-07-03 20:36:00,2021-07-03 22:05:00,2021-07-03,1.5,WRK
11,5,,,2021-07-03,8,ABSENT
12,5,,,2021-07-03,3,CHARGE
12,5,2021-07-03 14:16:00,2021-07-03 19:01:00,2021-07-03,4.8,WRK
12,5,,,2021-07-03,0.7,BREAK
12,5,2021-07-03 19:44:00,2021-07-03 22:16:00,2021-07-03,2.5,WRK
13,1,2021-07-03 06:03:00,2021-07-03 08:52:00,2021-07-03,2.8,WRK
13,1,,,2021-07-03,0.8,BREAK
13,1,2021-07-03 09:37:00,2021-07-03 14:03:00,2021-07-03,4.4,WRK
14,5,,,2021-07-03,8,ON_CALL
15,2,,,2021-07-03,8,ABSENT
16,3,,,2021-07-03,8,ABSENT
17,1,,,2021-07-03,8,ABSENT
18,1,,,2021-07-03,8,ABSENT
19,3,,,2021-07-03,8,ABSENT
21,3,,,2021-07-03,8,ABSENT
22,5,,,2021-07-03,8,ABSENT
23,4,,,2021-07-03,8,ABSENT
25,1,,,2021-07-03,2,CHARGE
25,1,2021-07-03 06:07:00,2021-07-03 11:44:00,2021-07-03,5.6,WRK
25,1,,,2021-07-03,0.8,BREAK
25,1,2021-07-03 12:35:00,2021-07-03 14:07:00,2021-07-03,1.5,WRK
26,5,,,2021-07-03,2,CHARGE
26,5,2021-07-03 14:16:00,2021-07-03 20:01:00,2021-07-03,5.8,WRK
26,5,,,2021-07-03,0.6,BREAK
26,5,2021-07-03 20:35:00,2021-07-03 22:16:00,2021-07-03,1.7,WRK
27,4,2021-07-03 06:17:00,2021-07-03 11:57:00,2021-07-03,5.7,WRK
27,4,,,2021-07-03,1.0,BREAK
27,4,2021-07-03 12:57:00,2021-07-03 14:17:00,2021-07-03,1.3,WRK
28,1,,,2021-07-03,5,ON_CALL
28,1,2021-07-03 14:14:00,2021-07-03 17:14:00,2021-07-03,3.0,WRK
29,2,,,2021-07-03,8,ABSENT
1,5,,,2021-07-04,6,ON_CALL
1,5,2021-07-04 14:01:00,2021-07-04 16:01:00,2021-07-04,2.0,WRK
2,4,,,2021-07-04,3,CHARGE
2,4,2021-07-04 14:04:00,2021-07-04 17:40:00,2021-07-04,3.6,WRK
2,4,,,2021-07-04,0.9,BREAK
2,4,2021-07-04 18:33:00,2021-07-04 22:04:00,2021-07-04,3.5,WRK
3,5,,,2021-07-04,8,ABSENT
4,5,,,2021-07-04,7,ON_CALL
4,5,2021-07-04 14:20:00,2021-07-04 15:20:00,2021-07-04,1.0,WRK
5,4,,,2021-07-04,8,ABSENT
7,4,,,2021-07-04,7,ON_CALL
7,4,2021-07-04 06:08:00,2021-07-04 07:08:00,2021-07-04,1.0,WRK
8,4,,,2021-07-04,8,ABSENT
9,3,,,2021-07-04,7,ON_CALL
9,3,2021-07-04 06:07:00,2021-07-04 07:07:00,2021-07-04,1.0,WRK
11,5,,,2021-07-04,8,ABSENT
13,1,,,2021-07-04,8,ABSENT
14,5,,,2021-07-04,2,CHARGE
14,5,2021-07-04 06:08:00,2021-07-04 11:40:00,2021-07-04,5.5,WRK
14,5,,,2021-07-04,0.5,BREAK
14,5,2021-07-04 12:10:00,2021-07-04 14:08:00,2021-07-04,2.0,WRK
15,2,,,2021-07-04,8,ABSENT
16,3,,,2021-07-04,8,ABSENT
17,1,2021-07-04 14:10:00,2021-07-04 19:42:00,2021-07-04,5.5,WRK
17,1,,,2021-07-04,0.8,BREAK
17,1,2021-07-04 20:31:00,2021-07-04 22:10:00,2021-07-04,1.6,WRK
18,1,,,2021-07-04,8,ABSENT
19,3,,,2021-07-04,8,ABSENT
20,4,,,2021-07-04,8,ON_CALL
21,3,,,2021-07-04,8,ABSENT
22,5,,,2021-07-04,2,CHARGE
22,5,2021-07-04 14:18:00,2021-07-04 16:51:00,2021-07-04,2.6,WRK
22,5,,,2021-07-04,0.9,BREAK
22,5,2021-07-04 17:45:00,2021-07-04 22:18:00,2021-07-04,4.5,WRK
24,2,,,2021-07-04,1,CHARGE
24,2,2021-07-04 14:12:00,2021-07-04 16:42:00,2021-07-04,2.5,WRK
24,2,,,2021-07-04,1.0,BREAK
24,2,2021-07-04 17:40:00,2021-07-04 22:12:00,2021-07-04,4.5,WRK
25,1,,,2021-07-04,8,ABSENT
26,5,,,2021-07-04,8,ABSENT
28,1,,,2021-07-04,8,ABSENT
29,2,,,2021-07-04,8,ABSENT
1,5,,,2021-07-05,8,ON_CALL
2,4,,,2021-07-05,8,ABSENT
3,5,,,2021-07-05,2,CHARGE
3,5,2021-07-05 06:03:00,2021-07-05 08:37:00,2021-07-05,2.6,WRK
3,5,,,2021-07-05,1.0,BREAK
3,5,2021-07-05 09:36:00,2021-07-05 14:03:00,2021-07-05,4.5,WRK
4,5,,,2021-07-05,8,ABSENT
5,4,2021-07-05 06:19:00,2021-07-05 09:03:00,2021-07-05,2.7,WRK
5,4,,,2021-07-05,0.5,BREAK
5,4,2021-07-05 09:34:00,2021-07-05 14:19:00,2021-07-05,4.8,WRK
6,2,,,2021-07-05,5,ON_CALL
6,2,2021-07-05 06:14:00,2021-07-05 09:14:00,2021-07-05,3.0,WRK
7,4,,,2021-07-05,7,ON_CALL
7,4,2021-07-05 14:14:00,2021-07-05 15:14:00,2021-07-05,1.0,WRK
8,4,,,2021-07-05,5,ON_CALL
8,4,2021-07-05 14:03:00,2021-07-05 17:03:00,2021-07-05,3.0,WRK
9,3,,,2021-07-05,8,ABSENT
11,5,2021-07-05 06:14:00,2021-07-05 10:54:00,2021-07-05,4.7,WRK
11,5,,,2021-07-05,0.9,BREAK
11,5,2021-07-05 11:46:00,2021-07-05 14:14:00,2021-07-05,2.5,WRK
12,5,,,2021-07-05,8,ABSENT
13,1,,,2021-07-05,8,ABSENT
15,2,,,2021-07-05,8,ABSENT
16,3,,,2021-07-05,3,CHARGE
16,3,2021-07-05 14:03:00,2021-07-05 18:41:00,2021-07-05,4.6,WRK
16,3,,,2021-07-05,0.6,BREAK
16,3,2021-07-05 19:16:00,2021-07-05 22:03:00,2021-07-05,2.8,WRK
17,1,,,2021-07-05,1,CHARGE
17,1,2021-07-05 14:13:00,2021-07-05 19:03:00,2021-07-05,4.8,WRK
17,1,,,2021-07-05,0.5,BREAK
17,1,2021-07-05 19:34:00,2021-07-05 22:13:00,2021-07-05,2.6,WRK
18,1,,,2021-07-05,8,ON_CALL
19,3,,,2021-07-05,8,ABSENT
20,4,2021-07-05 06:14:00,2021-07-05 11:01:00,2021-07-05,4.8,WRK
20,4,,,2021-07-05,0.9,BREAK
20,4,2021-07-05 11:53:00,2021-07-05 14:14:00,2021-07-05,2.4,WRK
21,3,,,2021-07-05,8,ABSENT
22,5,2021-07-05 14:04:00,2021-07-05 18:45:00,2021-07-05,4.7,WRK
22,5,,,2021-07-05,0.6,BREAK
22,5,2021-07-05 19:23:00,2021-07-05 22:04:00,2021-07-05,2.7,WRK
25,1,,,2021-07-05,2,CHARGE
25,1,2021-07-05 06:17:00,2021-07-05 10:55:00,2021-07-05,4.6,WRK
25,1,,,2021-07-05,0.9,BREAK
25,1,2021-07-05 11:50:00,2021-07-05 14:17:00,2021-07-05,2.5,WRK
27,4,,,2021-07-05,8,ABSENT
28,1,,,2021-07-05,8,ABSENT
29,2,,,2021-07-05,8,ABSENT
2,4,,,2021-07-06,6,ON_CALL
2,4,2021-07-06 06:10:00,2021-07-06 08:10:00,2021-07-06,2.0,WRK
3,5,,,2021-07-06,8,ABSENT
4,5,,,2021-07-06,1,CHARGE
4,5,2021-07-06 06:04:00,2021-07-06 11:52:00,2021-07-06,5.8,WRK
4,5,,,2021-07-06,0.7,BREAK
4,5,2021-07-06 12:31:00,2021-07-06 14:04:00,2021-07-06,1.6,WRK
5,4,2021-07-06 06:02:00,2021-07-06 11:42:00,2021-07-06,5.7,WRK
5,4,,,2021-07-06,0.7,BREAK
5,4,2021-07-06 12:26:00,2021-07-06 14:02:00,2021-07-06,1.6,WRK
6,2,,,2021-07-06,6,ON_CALL
6,2,2021-07-06 14:19:00,2021-07-06 16:19:00,2021-07-06,2.0,WRK
7,4,,,2021-07-06,5,ON_CALL
7,4,2021-07-06 06:03:00,2021-07-06 09:03:00,2021-07-06,3.0,WRK
9,3,,,2021-07-06,8,ABSENT
10,3,,,2021-07-06,8,ABSENT
11,5,,,2021-07-06,8,ABSENT
12,5,,,2021-07-06,8,ABSENT
14,5,,,2021-07-06,1,CHARGE
14,5,2021-07-06 14:07:00,2021-07-06 16:39:00,2021-07-06,2.5,WRK
14,5,,,2021-07-06,0.9,BREAK
14,5,2021-07-06 17:32:00,2021-07-06 22:07:00,2021-07-06,4.6,WRK
15,2,2021-07-06 14:16:00,2021-07-06 17:03:00,2021-07-06,2.8,WRK
15,2,,,2021-07-06,0.9,BREAK
15,2,2021-07-06 17:58:00,2021-07-06 22:16:00,2021-07-06,4.3,WRK
16,3,2021-07-06 14:11:00,2021-07-06 19:59:00,2021-07-06,5.8,WRK
16,3,,,2021-07-06,1.0,BREAK
16,3,2021-07-06 20:58:00,2021-07-06 22:11:00,2021-07-06,1.2,WRK
17,1,2021-07-06 14:15:00,2021-07-06 16:52:00,2021-07-06,2.6,WRK
17,1,,,2021-07-06,0.7,BREAK
17,1,2021-07-06 17:32:00,2021-07-06 22:15:00,2021-07-06,4.7,WRK
18,1,,,2021-07-06,7,ON_CALL
18,1,2021-07-06 06:09:00,2021-07-06 07:09:00,2021-07-06,1.0,WRK
19,3,,,2021-07-06,8,ABSENT
20,4,,,2021-07-06,5,ON_CALL
20,4,2021-07-06 14:12:00,2021-07-06 17:12:00,2021-07-06,3.0,WRK
21,3,,,2021-07-06,8,ABSENT
22,5,,,2021-07-06,8,ABSENT
23,4,,,2021-07-06,8,ABSENT
24,2,,,2021-07-06,6,ON_CALL
24,2,2021-07-06 14:06:00,2021-07-06 16:06:00,2021-07-06,2.0,WRK
25,1,,,2021-07-06,8,ABSENT
27,4,,,2021-07-06,8,ABSENT
28,1,,,2021-07-06,8,ABSENT
2,4,,,2021-07-07,6,ON_CALL
2,4,2021-07-07 06:15:00,2021-07-07 08:15:00,2021-07-07,2.0,WRK
3,5,2021-07-07 06:17:00,2021-07-07 08:56:00,2021-07-07,2.7,WRK
3,5,,,2021-07-07,0.7,BREAK
3,5,2021-07-07 09:39:00,2021-07-07 14:17:00,2021-07-07,4.6,WRK
4,5,,,2021-07-07,2,CHARGE
4,5,2021-07-07 06:17:00,2021-07-07 11:57:00,2021-07-07,5.7,WRK
4,5,,,2021-07-07,0.6,BREAK
4,5,2021-07-07 12:31:00,2021-07-07 14:17:00,2021-07-07,1.8,WRK
5,4,,,2021-07-07,6,ON_CALL
5,4,2021-07-07 06:14:00,2021-07-07 08:14:00,2021-07-07,2.0,WRK
7,4,,,2021-07-07,8,ON_CALL
8,4,2021-07-07 06:02:00,2021-07-07 11:32:00,2021-07-07,5.5,WRK
8,4,,,2021-07-07,0.6,BREAK
8,4,2021-07-07 12:07:00,2021-07-07 14:02:00,2021-07-07,1.9,WRK
9,3,2021-07-07 14:13:00,2021-07-07 19:58:00,2021-07-07,5.8,WRK
9,3,,,2021-07-07,0.5,BREAK
9,3,2021-07-07 20:29:00,2021-07-07 22:13:00,2021-07-07,1.7,WRK
10,3,,,2021-07-07,7,ON_CALL
10,3,2021-07-07 14:02:00,2021-07-07 15:02:00,2021-07-07,1.0,WRK
11,5,2021-07-07 06:01:00,2021-07-07 08:50:00,2021-07-07,2.8,WRK
11,5,,,2021-07-07,0.6,BREAK
11,5,2021-07-07 09:27:00,2021-07-07 14:01:00,2021-07-07,4.6,WRK
13,1,,,2021-07-07,5,ON_CALL
13,1,2021-07-07 06:12:00,2021-07-07 09:12:00,2021-07-07,3.0,WRK
14,5,,,2021-07-07,8,ON_CALL
15,2,2021-07-07 14:15:00,2021-07-07 16:45:00,2021-07-07,2.5,WRK
15,2,,,2021-07-07,0.7,BREAK
15,2,2021-07-07 17:26:00,2021-07-07 22:15:00,2021-07-07,4.8,WRK
17,1,2021-07-07 06:16:00,2021-07-07 10:51:00,2021-07-07,4.6,WRK
17,1,,,2021-07-07,0.6,BREAK
17,1,2021-07-07 11:27:00,2021-07-07 14:16:00,2021-07-07,2.8,WRK
18,1,,,2021-07-07,8,ABSENT
19,3,,,2021-07-07,7,ON_CALL
19,3,2021-07-07 14:18:00,2021-07-07 15:18:00,2021-07-07,1.0,WRK
20,4,2021-07-07 06:16:00,2021-07-07 11:04:00,2021-07-07,4.8,WRK
20,4,,,2021-07-07,0.6,BREAK
20,4,2021-07-07 11:40:00,2021-07-07 14:16:00,2021-07-07,2.6,WRK
21,3,,,2021-07-07,2,CHARGE
21,3,2021-07-07 06:20:00,2021-07-07 10:10:00,2021-07-07,3.8,WRK
21,3,,,2021-07-07,0.8,BREAK
21,3,2021-07-07 10:55:00,2021-07-07 14:20:00,2021-07-07,3.4,WRK
22,5,2021-07-07 06:05:00,2021-07-07 11:46:00,2021-07-07,5.7,WRK
22,5,,,2021-07-07,0.5,BREAK
22,5,2021-07-07 12:17:00,2021-07-07 14:05:00,2021-07-07,1.8,WRK
24,2,2021-07-07 14:08:00,2021-07-07 16:53:00,2021-07-07,2.8,WRK
24,2,,,2021-07-07,0.9,BREAK
24,2,2021-07-07 17:46:00,2021-07-07 22:08:00,2021-07-07,4.4,WRK
25,1,,,2021-07-07,7,ON_CALL
25,1,2021-07-07 14:04:00,2021-07-07 15:04:00,2021-07-07,1.0,WRK
26,5,2021-07-07 14:11:00,2021-07-07 19:55:00,2021-07-07,5.7,WRK
26,5,,,2021-07-07,0.9,BREAK
26,5,2021-07-07 20:49:00,2021-07-07 22:11:00,2021-07-07,1.4,WRK
27,4,,,2021-07-07,8,ABSENT
28,1,2021-07-07 14:03:00,2021-07-07 17:42:00,2021-07-07,3.7,WRK
28,1,,,2021-07-07,0.8,BREAK
28,1,2021-07-07 18:32:00,2021-07-07 22:03:00,2021-07-07,3.5,WRK
29,2,,,2021-07-07,6,ON_CALL
29,2,2021-07-07 14:17:00,2021-07-07 16:17:00,2021-07-07,2.0,WRK
1,5,,,2021-07-08,7,ON_CALL
1,5,2021-07-08 14:18:00,2021-07-08 15:18:00,2021-07-08,1.0,WRK
2,4,2021-07-08 14:16:00,2021-07-08 19:57:00,2021-07-08,5.7,WRK
2,4,,,2021-07-08,0.7,BREAK
2,4,2021-07-08 20:40:00,2021-07-08 22:16:00,2021-07-08,1.6,WRK
3,5,,,2021-07-08,8,ABSENT
4,5,,,2021-07-08,5,ON_CALL
4,5,2021-07-08 14:20:00,2021-07-08 17:20:00,2021-07-08,3.0,WRK
5,4,,,2021-07-08,8,ABSENT
6,2,,,2021-07-08,8,ABSENT
7,4,,,2021-07-08,8,ABSENT
8,4,,,2021-07-08,3,CHARGE
8,4,2021-07-08 06:07:00,2021-07-08 09:46:00,2021-07-08,3.7,WRK
8,4,,,2021-07-08,0.8,BREAK
8,4,2021-07-08 10:31:00,2021-07-08 14:07:00,2021-07-08,3.6,WRK
9,3,,,2021-07-08,5,ON_CALL
9,3,2021-07-08 14:11:00,2021-07-08 17:11:00,2021-07-08,3.0,WRK
10,3,,,2021-07-08,2,CHARGE
10,3,2021-07-08 06:03:00,2021-07-08 10:53:00,2021-07-08,4.8,WRK
10,3,,,2021-07-08,0.9,BREAK
10,3,2021-07-08 11:46:00,2021-07-08 14:03:00,2021-07-08,2.3,WRK
12,5,,,2021-07-08,8,ABSENT
14,5,,,2021-07-08,7,ON_CALL
14,5,2021-07-08 14:01:00,2021-07-08 15:01:00,2021-07-08,1.0,WRK
15,2,2021-07-08 14:07:00,2021-07-08 19:52:00,2021-07-08,5.8,WRK
15,2,,,2021-07-08,0.6,BREAK
15,2,2021-07-08 20:28:00,2021-07-08 22:07:00,2021-07-08,1.6,WRK
16,3,,,2021-07-08,3,CHARGE
16,3,2021-07-08 06:03:00,2021-07-08 09:42:00,2021-07-08,3.7,WRK
16,3,,,2021-07-08,1.0,BREAK
16,3,2021-07-08 10:41:00,2021-07-08 14:03:00,2021-07-08,3.4,WRK
17,1,,,2021-07-08,8,ABSENT
19,3,,,2021-07-08,8,ABSENT
20,4,,,2021-07-08,8,ABSENT
21,3,,,2021-07-08,8,ABSENT
23,4,,,2021-07-08,8,ABSENT
24,2,2021-07-08 06:02:00,2021-07-08 10:50:00,2021-07-08,4.8,WRK
24,2,,,2021-07-08,0.6,BREAK
24,2,2021-07-08 11:23:00,2021-07-08 14:02:00,2021-07-08,2.6,WRK
25,1,,,2021-07-08,8,ABSENT
26,5,2021-07-08 06:02:00,2021-07-08 09:42:00,2021-07-08,3.7,WRK
26,5,,,2021-07-08,0.9,BREAK
26,5,2021-07-08 10:39:00,2021-07-08 14:02:00,2021-07-08,3.4,WRK
27,4,,,2021-07-08,8,ABSENT
29,2,,,2021-07-08,8,ABSENT
1,5,,,2021-07-09,2,CHARGE
1,5,2021-07-09 14:19:00,2021-07-09 19:07:00,2021-07-09,4.8,WRK
1,5,,,2021-07-09,0.9,BREAK
1,5,2021-07-09 20:04:00,2021-07-09 22:19:00,2021-07-09,2.2,WRK
2,4,,,2021-07-09,7,ON_CALL
2,4,2021-07-09 06:11:00,2021-07-09 07:11:00,2021-07-09,1.0,WRK
3,5,,,2021-07-09,7,ON_CALL
3,5,2021-07-09 14:12:00,2021-07-09 15:12:00,2021-07-09,1.0,WRK
5,4,,,2021-07-09,8,ABSENT
8,4,,,2021-07-09,8,ON_CALL
9,3,2021-07-09 06:11:00,2021-07-09 10:47:00,2021-07-09,4.6,WRK
9,3,,,2021-07-09,0.9,BREAK
9,3,2021-07-09 11:39:00,2021-07-09 14:11:00,2021-07-09,2.5,WRK
10,3,2021-07-09 06:00:00,2021-07-09 09:30:00,2021-07-09,3.5,WRK
10,3,,,2021-07-09,0.8,BREAK
10,3,2021-07-09 10:19:00,2021-07-09 14:00:00,2021-07-09,3.7,WRK
11,5,2021-07-09 06:02:00,2021-07-09 10:39:00,2021-07-09,4.6,WRK
11,5,,,2021-07-09,0.9,BREAK
11,5,2021-07-09 11:34:00,2021-07-09 14:02:00,2021-07-09,2.5,WRK
12,5,,,2021-07-09,7,ON_CALL
12,5,2021-07-09 06:04:00,2021-07-09 07:04:00,2021-07-09,1.0,WRK
13,1,,,2021-07-09,3,CHARGE
13,1,2021-07-09 14:02:00,2021-07-09 18:50:00,2021-07-09,4.8,WRK
13,1,,,2021-07-09,0.6,BREAK
13,1,2021-07-09 19:25:00,2021-07-09 22:02:00,2021-07-09,2.6,WRK
14,5,,,2021-07-09,1,CHARGE
14,5,2021-07-09 14:09:00,2021-07-09 17:49:00,2021-07-09,3.7,WRK
14,5,,,2021-07-09,0.6,BREAK
14,5,2021-07-09 18:22:00,2021-07-09 22:09:00,2021-07-09,3.8,WRK
15,2,2021-07-09 06:12:00,2021-07-09 09:45:00,2021-07-09,3.6,WRK
15,2,,,2021-07-09,0.8,BREAK
15,2,2021-07-09 10:32:00,2021-07-09 14:12:00,2021-07-09,3.7,WRK
16,3,,,2021-07-09,8,ABSENT
17,1,,,2021-07-09,7,ON_CALL
17,1,2021-07-09 14:01:00,2021-07-09 15:01:00,2021-07-09,1.0,WRK
18,1,2021-07-09 14:00:00,2021-07-09 17:41:00,2021-07-09,3.7,WRK
18,1,,,2021-07-09,0.6,BREAK
18,1,2021-07-09 18:14:00,2021-07-09 22:00:00,2021-07-09,3.8,WRK
19,3,,,2021-07-09,8,ABSENT
20,4,,,2021-07-09,8,ABSENT
21,3,,,2021-07-09,8,ABSENT
22,5,,,2021-07-09,8,ABSENT
23,4,2021-07-09 06:20:00,2021-07-09 12:02:00,2021-07-09,5.7,WRK
23,4,,,2021-07-09,0.7,BREAK
23,4,2021-07-09 12:45:00,2021-07-09 14:20:00,2021-07-09,1.6,WRK
24,2,,,2021-07-09,1,CHARGE
24,2,2021-07-09 14:08:00,2021-07-09 18:46:00,2021-07-09,4.6,WRK
24,2,,,2021-07-09,0.9,BREAK
24,2,2021-07-09 19:43:00,2021-07-09 22:08:00,2021-07-09,2.4,WRK
25,1,,,2021-07-09,5,ON_CALL
25,1,2021-07-09 06:09:00,2021-07-09 09:09:00,2021-07-09,3.0,WRK
26,5,,,2021-07-09,6,ON_CALL
26,5,2021-07-09 06:08:00,2021-07-09 08:08:00,2021-07-09,2.0,WRK
28,1,,,2021-07-09,8,ABSENT
1,5,,,2021-07-10,8,ABSENT
2,4,,,2021-07-10,1,CHARGE
2,4,2021-07-10 06:06:00,2021-07-10 11:38:00,2021-07-10,5.5,WRK
2,4,,,2021-07-10,0.6,BREAK
2,4,2021-07-10 12:13:00,2021-07-10 14:06:00,2021-07-10,1.9,WRK
3,5,,,2021-07-10,7,ON_CALL
3,5,2021-07-10 14:15:00,2021-07-10 15:15:00,2021-07-10,1.0,WRK
4,5,,,2021-07-10,8,ABSENT
5,4,,,2021-07-10,8,ABSENT
6,2,2021-07-10 14:18:00,2021-07-10 19:03:00,2021-07-10,4.8,WRK
6,2,,,2021-07-10,0.9,BREAK
6,2,2021-07-10 19:55:00,2021-07-10 22:18:00,2021-07-10,2.4,WRK
7,4,,,2021-07-10,8,ABSENT
8,4,,,2021-07-10,8,ABSENT
9,3,,,2021-07-10,8,ABSENT
10,3,,,2021-07-10,8,ABSENT
12,5,,,2021-07-10,8,ABSENT
13,1,,,2021-07-10,8,ABSENT
14,5,,,2021-07-10,8,ABSENT
15,2,2021-07-10 14:06:00,2021-07-10 18:43:00,2021-07-10,4.6,WRK
15,2,,,2021-07-10,1.0,BREAK
15,2,2021-07-10 19:41:00,2021-07-10 22:06:00,2021-07-10,2.4,WRK
16,3,,,2021-07-10,8,ABSENT
17,1,,,2021-07-10,8,ABSENT
18,1,,,2021-07-10,8,ABSENT
19,3,,,2021-07-10,8,ABSENT
22,5,,,2021-07-10,8,ABSENT
23,4,,,2021-07-10,8,ABSENT
24,2,,,2021-07-10,8,ABSENT
25,1,,,2021-07-10,8,ON_CALL
28,1,,,2021-07-10,8,ON_CALL
29,2,,,2021-07-10,8,ON_CALL
1,5,,,2021-07-11,8,ABSENT
3,5,,,2021-07-11,8,ON_CALL
4,5,,,2021-07-11,8,ABSENT
5,4,,,2021-07-11,6,ON_CALL
5,4,2021-07-11 06:14:00,2021-07-11 08:14:00,2021-07-11,2.0,WRK
7,4,,,2021-07-11,8,ON_CALL
8,4,,,2021-07-11,8,ABSENT
9,3,2021-07-11 14:09:00,2021-07-11 16:47:00,2021-07-11,2.6,WRK
9,3,,,2021-07-11,0.9,BREAK
9,3,2021-07-11 17:43:00,2021-07-11 22:09:00,2021-07-11,4.4,WRK
10,3,,,2021-07-11,8,ABSENT
12,5,,,2021-07-11,1,CHARGE
12,5,2021-07-11 06:18:00,2021-07-11 09:50:00,2021-07-11,3.5,WRK
12,5,,,2021-07-11,0.6,BREAK
12,5,2021-07-11 10:24:00,2021-07-11 14:18:00,2021-07-11,3.9,WRK
15,2,,,2021-07-11,8,ABSENT
16,3,,,2021-07-11,6,ON_CALL
16,3,2021-07-11 06:14:00,2021-07-11 08:14:00,2021-07-11,2.0,WRK
17,1,,,2021-07-11,8,ABSENT
18,1,,,2021-07-11,8,ABSENT
19,3,,,2021-07-11,8,ABSENT
20,4,,,2021-07-11,7,ON_CALL
20,4,2021-07-11 06:20:00,2021-07-11 07:20:00,2021-07-11,1.0,WRK
21,3,,,2021-07-11,8,ABSENT
22,5,,,2021-07-11,8,ABSENT
23,4,,,2021-07-11,8,ABSENT
24,2,,,2021-07-11,8,ABSENT
25,1,,,2021-07-11,8,ABSENT
26,5,,,2021-07-11,8,ABSENT
27,4,,,2021-07-11,8,ABSENT
28,1,,,2021-07-11,8,ABSENT
29,2,,,2021-07-11,8,ABSENT
1,5,,,2021-07-12,8,ABSENT
2,4,,,2021-07-12,8,ABSENT
3,5,2021-07-12 14:12:00,2021-07-12 16:46:00,2021-07-12,2.6,WRK
3,5,,,2021-07-12,0.8,BREAK
3,5,2021-07-12 17:31:00,2021-07-12 22:12:00,2021-07-12,4.7,WRK
4,5,,,2021-07-12,1,CHARGE
4,5,2021-07-12 14:14:00,2021-07-12 16:44:00,2021-07-12,2.5,WRK
4,5,,,2021-07-12,0.7,BREAK
4,5,2021-07-12 17:28:00,2021-07-12 22:14:00,2021-07-12,4.8,WRK
5,4,,,2021-07-12,1,CHARGE
5,4,2021-07-12 14:14:00,2021-07-12 17:54:00,2021-07-12,3.7,WRK
5,4,,,2021-07-12,0.9,BREAK
5,4,2021-07-12 18:47:00,2021-07-12 22:14:00,2021-07-12,3.5,WRK
8,4,,,2021-07-12,8,ABSENT
9,3,,,2021-07-12,8,ABSENT
10,3,,,2021-07-12,1,CHARGE
10,3,2021-07-12 14:05:00,2021-07-12 19:55:00,2021-07-12,5.8,WRK
10,3,,,2021-07-12,0.8,BREAK
10,3,2021-07-12 20:42:00,2021-07-12 22:05:00,2021-07-12,1.4,WRK
11,5,2021-07-12 14:11:00,2021-07-12 18:49:00,2021-07-12,4.6,WRK
11,5,,,2021-07-12,0.8,BREAK
11,5,2021-07-12 19:40:00,2021-07-12 22:11:00,2021-07-12,2.5,WRK
12,5,,,2021-07-12,7,ON_CALL
12,5,2021-07-12 06:00:00,2021-07-12 07:00:00,2021-07-12,1.0,WRK
15,2,,,2021-07-12,7,ON_CALL
15,2,2021-07-12 14:15:00,2021-07-12 15:15:00,2021-07-12,1.0,WRK
16,3,2021-07-12 14:10:00,2021-07-12 16:51:00,2021-07-12,2.7,WRK
16,3,,,2021-07-12,0.8,BREAK
16,3,2021-07-12 17:40:00,2021-07-12 22:10:00,2021-07-12,4.5,WRK
17,1,,,2021-07-12,5,ON_CALL
17,1,2021-07-12 14:07:00,2021-07-12 17:07:00,2021-07-12,3.0,WRK
18,1,,,2021-07-12,5,ON_CALL
18,1,2021-07-12 06:12:00,2021-07-12 09:12:00,2021-07-12,3.0,WRK
19,3,,,2021-07-12,8,ON_CALL
20,4,,,2021-07-12,5,ON_CALL
20,4,2021-07-12 06:06:00,2021-07-12 09:06:00,2021-07-12,3.0,WRK
21,3,2021-07-12 14:13:00,2021-07-12 19:54:00,2021-07-12,5.7,WRK
21,3,,,2021-07-12,0.9,BREAK
21,3,2021-07-12 20:47:00,2021-07-12 22:13:00,2021-07-12,1.4,WRK
22,5,,,2021-07-12,8,ON_CALL
23,4,,,2021-07-12,8,ABSENT
24,2,,,2021-07-12,6,ON_CALL
24,2,2021-07-12 14:15:00,2021-07-12 16:15:00,2021-07-12,2.0,WRK
25,1,,,2021-07-12,1,CHARGE
25,1,2021-07-12 06:18:00,2021-07-12 08:49:00,2021-07-12,2.5,WRK
25,1,,,2021-07-12,0.8,BREAK
25,1,2021-07-12 09:38:00,2021-07-12 14:18:00,2021-07-12,4.7,WRK
26,5,2021-07-12 14:20:00,2021-07-12 19:01:00,2021-07-12,4.7,WRK
26,5,,,2021-07-12,0.7,BREAK
26,5,2021-07-12 19:45:00,2021-07-12 22:20:00,2021-07-12,2.6,WRK
27,4,,,2021-07-12,8,ABSENT
29,2,,,2021-07-12,8,ABSENT
2,4,2021-07-13 06:14:00,2021-07-13 11:55:00,2021-07-13,5.7,WRK
2,4,,,2021-07-13,0.6,BREAK
2,4,2021-07-13 12:28:00,2021-07-13 14:14:00,2021-07-13,1.8,WRK
3,5,,,2021-07-13,7,ON_CALL
3,5,2021-07-13 06:12:00,2021-07-13 07:12:00,2021-07-13,1.0,WRK
4,5,,,2021-07-13,1,CHARGE
4,5,2021-07-13 06:12:00,2021-07-13 11:54:00,2021-07-13,5.7,WRK
4,5,,,2021-07-13,1.0,BREAK
4,5,2021-07-13 12:54:00,2021-07-13 14:12:00,2021-07-13,1.3,WRK
5,4,,,2021-07-13,8,ABSENT
6,2,,,2021-07-13,1,CHARGE
6,2,2021-07-13 14:08:00,2021-07-13 19:43:00,2021-07-13,5.6,WRK
6,2,,,2021-07-13,0.7,BREAK
6,2,2021-07-13 20:24:00,2021-07-13 22:08:00,2021-07-13,1.7,WRK
7,4,,,2021-07-13,5,ON_CALL
7,4,2021-07-13 14:07:00,2021-07-13 17:07:00,2021-07-13,3.0,WRK
8,4,,,2021-07-13,7,ON_CALL
8,4,2021-07-13 06:14:00,2021-07-13 07:14:00,2021-07-13,1.0,WRK
9,3,,,2021-07-13,3,CHARGE
9,3,2021-07-13 14:06:00,2021-07-13 17:52:00,2021-07-13,3.8,WRK
9,3,,,2021-07-13,0.9,BREAK
9,3,2021-07-13 18:48:00,2021-07-13 22:06:00,2021-07-13,3.3,WRK
10,3,,,2021-07-13,1,CHARGE
10,3,2021-07-13 14:05:00,2021-07-13 16:36:00,2021-07-13,2.5,WRK
10,3,,,2021-07-13,0.9,BREAK
10,3,2021-07-13 17:33:00,2021-07-13 22:05:00,2021-07-13,4.5,WRK
11,5,,,2021-07-13,6,ON_CALL
11,5,2021-07-13 06:00:00,2021-07-13 08:00:00,2021-07-13,2.0,WRK
12,5,,,2021-07-13,8,ABSENT
13,1,,,2021-07-13,8,ABSENT
15,2,,,2021-07-13,1,CHARGE
15,2,2021-07-13 06:06:00,2021-07-13 11:45:00,2021-07-13,5.7,WRK
15,2,,,2021-07-13,1.0,BREAK
15,2,2021-07-13 12:43:00,2021-07-13 14:06:00,2021-07-13,1.4,WRK
16,3,,,2021-07-13,5,ON_CALL
16,3,2021-07-13 06:12:00,2021-07-13 09:12:00,2021-07-13,3.0,WRK
17,1,,,2021-07-13,6,ON_CALL
17,1,2021-07-13 14:15:00,2021-07-13 16:15:00,2021-07-13,2.0,WRK
18,1,,,2021-07-13,8,ABSENT
19,3,,,2021-07-13,3,CHARGE
19,3,2021-07-13 06:19:00,2021-07-13 09:49:00,2021-07-13,3.5,WRK
19,3,,,2021-07-13,0.9,BREAK
19,3,2021-07-13 10:44:00,2021-07-13 14:19:00,2021-07-13,3.6,WRK
20,4,,,2021-07-13,8,ABSENT
24,2,,,2021-07-13,5,ON_CALL
24,2,2021-07-13 06:09:00,2021-07-13 09:09:00,2021-07-13,3.0,WRK
25,1,,,2021-07-13,7,ON_CALL
25,1,2021-07-13 14:19:00,2021-07-13 15:19:00,2021-07-13,1.0,WRK
26,5,,,2021-07-13,8,ABSENT
27,4,,,2021-07-13,3,CHARGE
27,4,2021-07-13 06:05:00,2021-07-13 08:55:00,2021-07-13,2.8,WRK
27,4,,,2021-07-13,0.9,BREAK
27,4,2021-07-13 09:50:00,2021-07-13 14:05:00,2021-07-13,4.2,WRK
28,1,,,2021-07-13,3,CHARGE
28,1,2021-07-13 14:07:00,2021-07-13 17:41:00,2021-07-13,3.6,WRK
28,1,,,2021-07-13,0.7,BREAK
28,1,2021-07-13 18:25:00,2021-07-13 22:07:00,2021-07-13,3.7,WRK
29,2,,,2021-07-13,7,ON_CALL
29,2,2021-07-13 06:06:00,2021-07-13 07:06:00,2021-07-13,1.0,WRK
1,5,,,2021-07-14,8,ABSENT
2,4,,,2021-07-14,8,ABSENT
3,5,,,2021-07-14,8,ON_CALL
4,5,,,2021-07-14,8,ABSENT
5,4,,,2021-07-14,8,ABSENT
6,2,,,2021-07-14,1,CHARGE
6,2,2021-07-14 06:10:00,2021-07-14 10:51:00,2021-07-14,4.7,WRK
6,2,,,2021-07-14,0.7,BREAK
6,2,2021-07-14 11:35:00,2021-07-14 14:10:00,2021-07-14,2.6,WRK
7,4,,,2021-07-14,8,ABSENT
8,4,,,2021-07-14,5,ON_CALL
8,4,2021-07-14 06:09:00,2021-07-14 09:09:00,2021-07-14,3.0,WRK
9,3,2021-07-14 14:02:00,2021-07-14 19:44:00,2021-07-14,5.7,WRK
9,3,,,2021-07-14,0.6,BREAK
9,3,2021-07-14 20:20:00,2021-07-14 22:02:00,2021-07-14,1.7,WRK
10,3,,,2021-07-14,7,ON_CALL
10,3,2021-07-14 14:00:00,2021-07-14 15:00:00,2021-07-14,1.0,WRK
12,5,,,2021-07-14,8,ABSENT
13,1,,,2021-07-14,6,ON_CALL
13,1,2021-07-14 14:04:00,2021-07-14 16:04:00,2021-07-14,2.0,WRK
16,3,2021-07-14 06:03:00,2021-07-14 10:42:00,2021-07-14,4.7,WRK
16,3,,,2021-07-14,0.7,BREAK
16,3,2021-07-14 11:21:00,2021-07-14 14:03:00,2021-07-14,2.7,WRK
17,1,,,2021-07-14,1,CHARGE
17,1,2021-07-14 06:05:00,2021-07-14 10:53:00,2021-07-14,4.8,WRK
17,1,,,2021-07-14,0.5,BREAK
17,1,2021-07-14 11:23:00,2021-07-14 14:05:00,2021-07-14,2.7,WRK
18,1,2021-07-14 14:09:00,2021-07-14 16:48:00,2021-07-14,2.7,WRK
18,1,,,2021-07-14,0.8,BREAK
18,1,2021-07-14 17:36:00,2021-07-14 22:09:00,2021-07-14,4.5,WRK
20,4,,,2021-07-14,8,ON_CALL
21,3,,,2021-07-14,8,ON_CALL
22,5,2021-07-14 14:11:00,2021-07-14 18:56:00,2021-07-14,4.8,WRK
22,5,,,2021-07-14,0.9,BREAK
22,5,2021-07-14 19:51:00,2021-07-14 22:11:00,2021-07-14,2.3,WRK
23,4,,,2021-07-14,6,ON_CALL
23,4,2021-07-14 06:18:00,2021-07-14 08:18:00,2021-07-14,2.0,WRK
24,2,,,2021-07-14,8,ABSENT
25,1,,,2021-07-14,5,ON_CALL
25,1,2021-07-14 14:16:00,2021-07-14 17:16:00,2021-07-14,3.0,WRK
27,4,2021-07-14 14:11:00,2021-07-14 16:43:00,2021-07-14,2.5,WRK
27,4,,,2021-07-14,0.8,BREAK
27,4,2021-07-14 17:30:00,2021-07-14 22:11:00,2021-07-14,4.7,WRK
28,1,,,2021-07-14,8,ABSENT
29,2,,,2021-07-14,2,CHARGE
29,2,2021-07-14 06:10:00,2021-07-14 11:46:00,2021-07-14,5.6,WRK
29,2,,,2021-07-14,0.6,BREAK
29,2,2021-07-14 12:21:00,2021-07-14 14:10:00,2021-07-14,1.8,WRK
2,4,,,2021-07-15,8,ABSENT
3,5,,,2021-07-15,3,CHARGE
3,5,2021-07-15 06:18:00,2021-07-15 08:53:00,2021-07-15,2.6,WRK
3,5,,,2021-07-15,0.8,BREAK
3,5,2021-07-15 09:41:00,2021-07-15 14:18:00,2021-07-15,4.6,WRK
4,5,,,2021-07-15,6,ON_CALL
4,5,2021-07-15 06:04:00,2021-07-15 08:04:00,2021-07-15,2.0,WRK
5,4,,,2021-07-15,5,ON_CALL
5,4,2021-07-15 06:00:00,2021-07-15 09:00:00,2021-07-15,3.0,WRK
6,2,,,2021-07-15,8,ABSENT
9,3,,,2021-07-15,5,ON_CALL
9,3,2021-07-15 14:01:00,2021-07-15 17:01:00,2021-07-15,3.0,WRK
10,3,,,2021-07-15,8,ABSENT
11,5,,,2021-07-15,2,CHARGE
11,5,2021-07-15 14:19:00,2021-07-15 17:50:00,2021-07-15,3.5,WRK
11,5,,,2021-07-15,0.5,BREAK
11,5,2021-07-15 18:22:00,2021-07-15 22:19:00,2021-07-15,4.0,WRK
12,5,,,2021-07-15,1,CHARGE
12,5,2021-07-15 14:15:00,2021-07-15 16:58:00,2021-07-15,2.7,WRK
12,5,,,2021-07-15,0.6,BREAK
12,5,2021-07-15 17:36:00,2021-07-15 22:15:00,2021-07-15,4.7,WRK
13,1,,,2021-07-15,6,ON_CALL
13,1,2021-07-15 06:06:00,2021-07-15 08:06:00,2021-07-15,2.0,WRK
14,5,,,2021-07-15,8,ABSENT
15,2,,,2021-07-15,3,CHARGE
15,2,2021-07-15 06:00:00,2021-07-15 11:35:00,2021-07-15,5.6,WRK
15,2,,,2021-07-15,0.5,BREAK
15,2,2021-07-15 12:06:00,2021-07-15 14:00:00,2021-07-15,1.9,WRK
16,3,2021-07-15 14:06:00,2021-07-15 18:38:00,2021-07-15,4.5,WRK
16,3,,,2021-07-15,0.6,BREAK
16,3,2021-07-15 19:16:00,2021-07-15 22:06:00,2021-07-15,2.8,WRK
17,1,,,2021-07-15,2,CHARGE
17,1,2021-07-15 06:19:00,2021-07-15 11:56:00,2021-07-15,5.6,WRK
17,1,,,2021-07-15,0.6,BREAK
17,1,2021-07-15 12:33:00,2021-07-15 14:19:00,2021-07-15,1.8,WRK
18,1,,,2021-07-15,7,ON_CALL
18,1,2021-07-15 06:00:00,2021-07-15 07:00:00,2021-07-15,1.0,WRK
19,3,,,2021-07-15,5,ON_CALL
19,3,2021-07-15 06:01:00,2021-07-15 09:01:00,2021-07-15,3.0,WRK
20,4,2021-07-15 14:10:00,2021-07-15 16:40:00,2021-07-15,2.5,WRK
20,4,,,2021-07-15,0.5,BREAK
20,4,2021-07-15 17:11:00,2021-07-15 22:10:00,2021-07-15,5.0,WRK
21,3,2021-07-15 14:19:00,2021-07-15 17:03:00,2021-07-15,2.7,WRK
21,3,,,2021-07-15,0.9,BREAK
21,3,2021-07-15 17:57:00,2021-07-15 22:19:00,2021-07-15,4.4,WRK
22,5,,,2021-07-15,3,CHARGE
22,5,2021-07-15 14:20:00,2021-07-15 17:54:00,2021-07-15,3.6,WRK
22,5,,,2021-07-15,0.6,BREAK
22,5,2021-07-15 18:30:00,2021-07-15 22:20:00,2021-07-15,3.8,WRK
24,2,,,2021-07-15,6,ON_CALL
24,2,2021-07-15 14:01:00,2021-07-15 16:01:00,2021-07-15,2.0,WRK
25,1,,,2021-07-15,8,ABSENT
26,5,,,2021-07-15,8,ABSENT
28,1,,,2021-07-15,8,ON_CALL
29,2,,,2021-07-15,6,ON_CALL
29,2,2021-07-15 06:15:00,2021-07-15 08:15:00,2021-07-15,2.0,WRK
1,5,,,2021-07-16,8,ABSENT
2,4,,,2021-07-16,8,ABSENT
3,5,,,2021-07-16,3,CHARGE
3,5,2021-07-16 06:11:00,2021-07-16 08:59:00,2021-07-16,2.8,WRK
3,5,,,2021-07-16,0.9,BREAK
3,5,2021-07-16 09:56:00,2021-07-16 14:11:00,2021-07-16,4.2,WRK
4,5,,,2021-07-16,8,ON_CALL
5,4,,,2021-07-16,8,ON_CALL
6,2,,,2021-07-16,5,ON_CALL
6,2,2021-07-16 14:07:00,2021-07-16 17:07:00,2021-07-16,3.0,WRK
8,4,,,2021-07-16,6,ON_CALL
8,4,2021-07-16 14:20:00,2021-07-16 16:20:00,2021-07-16,2.0,WRK
9,3,,,2021-07-16,3,CHARGE
9,3,2021-07-16 06:12:00,2021-07-16 08:49:00,2021-07-16,2.6,WRK
9,3,,,2021-07-16,0.7,BREAK
9,3,2021-07-16 09:29:00,2021-07-16 14:12:00,2021-07-16,4.7,WRK
10,3,,,2021-07-16,5,ON_CALL
10,3,2021-07-16 14:01:00,2021-07-16 17:01:00,2021-07-16,3.0,WRK
11,5,2021-07-16 06:04:00,2021-07-16 10:44:00,2021-07-16,4.7,WRK
11,5,,,2021-07-16,0.8,BREAK
11,5,2021-07-16 11:32:00,2021-07-16 14:04:00,2021-07-16,2.5,WRK
12,5,,,2021-07-16,8,ABSENT
14,5,,,2021-07-16,2,CHARGE
14,5,2021-07-16 14:02:00,2021-07-16 16:52:00,2021-07-16,2.8,WRK
14,5,,,2021-07-16,0.9,BREAK
14,5,2021-07-16 17:46:00,2021-07-16 22:02:00,2021-07-16,4.3,WRK
16,3,,,2021-07-16,6,ON_CALL
16,3,2021-07-16 06:02:00,2021-07-16 08:02:00,2021-07-16,2.0,WRK
17,1,,,2021-07-16,8,ABSENT
18,1,,,2021-07-16,5,ON_CALL
18,1,2021-07-16 14:08:00,2021-07-16 17:08:00,2021-07-16,3.0,WRK
19,3,,,2021-07-16,8,ON_CALL
20,4,,,2021-07-16,8,ABSENT
21,3,,,2021-07-16,8,ON_CALL
22,5,2021-07-16 14:13:00,2021-07-16 19:45:00,2021-07-16,5.5,WRK
22,5,,,2021-07-16,0.9,BREAK
22,5,2021-07-16 20:37:00,2021-07-16 22:13:00,2021-07-16,1.6,WRK
24,2,,,2021-07-16,8,ON_CALL
25,1,,,2021-07-16,3,CHARGE
25,1,2021-07-16 14:18:00,2021-07-16 18:55:00,2021-07-16,4.6,WRK
25,1,,,2021-07-16,0.6,BREAK
25,1,2021-07-16 19:28:00,2021-07-16 22:18:00,2021-07-16,2.8,WRK
26,5,,,2021-07-16,8,ABSENT
28,1,,,2021-07-16,8,ABSENT
29,2,,,2021-07-16,8,ABSENT
1,5,,,2021-07-17,8,ABSENT
2,4,,,2021-07-17,8,ABSENT
3,5,,,2021-07-17,8,ABSENT
4,5,,,2021-07-17,7,ON_CALL
4,5,2021-07-17 06:03:00,2021-07-17 07:03:00,2021-07-17,1.0,WRK
5,4,2021-07-17 06:10:00,2021-07-17 11:48:00,2021-07-17,5.6,WRK
5,4,,,2021-07-17,0.9,BREAK
5,4,2021-07-17 12:42:00,2021-07-17 14:10:00,2021-07-17,1.5,WRK
6,2,,,2021-07-17,1,CHARGE
6,2,2021-07-17 06:14:00,2021-07-17 10:02:00,2021-07-17,3.8,WRK
6,2,,,2021-07-17,0.7,BREAK
6,2,2021-07-17 10:41:00,2021-07-17 14:14:00,2021-07-17,3.5,WRK
7,4,,,2021-07-17,7,ON_CALL
7,4,2021-07-17 14:08:00,2021-07-17 15:08:00,2021-07-17,1.0,WRK
8,4,,,2021-07-17,8,ABSENT
9,3,,,2021-07-17,8,ABSENT
10,3,,,2021-07-17,5,ON_CALL
10,3,2021-07-17 06:16:00,2021-07-17 09:16:00,2021-07-17,3.0,WRK
11,5,,,2021-07-17,8,ABSENT
13,1,,,2021-07-17,8,ABSENT
16,3,,,2021-07-17,8,ABSENT
17,1,,,2021-07-17,1,CHARGE
17,1,2021-07-17 14:16:00,2021-07-17 18:48:00,2021-07-17,4.5,WRK
17,1,,,2021-07-17,0.7,BREAK
17,1,2021-07-17 19:27:00,2021-07-17 22:16:00,2021-07-17,2.8,WRK
19,3,,,2021-07-17,8,ABSENT
20,4,,,2021-07-17,2,CHARGE
20,4,2021-07-17 06:06:00,2021-07-17 11:43:00,2021-07-17,5.6,WRK
20,4,,,2021-07-17,0.5,BREAK
20,4,2021-07-17 12:14:00,2021-07-17 14:06:00,2021-07-17,1.9,WRK
21,3,,,2021-07-17,8,ABSENT
22,5,,,2021-07-17,8,ABSENT
23,4,,,2021-07-17,5,ON_CALL
23,4,2021-07-17 14:14:00,2021-07-17 17:14:00,2021-07-17,3.0,WRK
24,2,,,2021-07-17,5,ON_CALL
24,2,2021-07-17 06:09:00,2021-07-17 09:09:00,2021-07-17,3.0,WRK
25,1,,,2021-07-17,7,ON_CALL
25,1,2021-07-17 14:05:00,2021-07-17 15:05:00,2021-07-17,1.0,WRK
26,5,,,2021-07-17,8,ABSENT
27,4,,,2021-07-17,8,ABSENT
29,2,,,2021-07-17,8,ABSENT
2,4,,,2021-07-18,8,ABSENT
3,5,,,2021-07-18,8,ABSENT
5,4,,,2021-07-18,8,ABSENT
6,2,,,2021-07-18,6,ON_CALL
6,2,2021-07-18 06:07:00,2021-07-18 08:07:00,2021-07-18,2.0,WRK
8,4,,,2021-07-18,8,ABSENT
9,3,,,2021-07-18,6,ON_CALL
9,3,2021-07-18 06:05:00,2021-07-18 08:05:00,2021-07-18,2.0,WRK
10,3,,,2021-07-18,8,ABSENT
11,5,,,2021-07-18,8,ABSENT
12,5,,,2021-07-18,5,ON_CALL
12,5,2021-07-18 06:08:00,2021-07-18 09:08:00,2021-07-18,3.0,WRK
13,1,,,2021-07-18,8,ABSENT
15,2,,,2021-07-18,5,ON_CALL
15,2,2021-07-18 14:18:00,2021-07-18 17:18:00,2021-07-18,3.0,WRK
16,3,,,2021-07-18,8,ABSENT
17,1,,,2021-07-18,8,ABSENT
18,1,2021-07-18 14:20:00,2021-07-18 18:10:00,2021-07-18,3.8,WRK
18,1,,,2021-07-18,0.5,BREAK
18,1,2021-07-18 18:41:00,2021-07-18 22:20:00,2021-07-18,3.6,WRK
19,3,,,2021-07-18,3,CHARGE
19,3,2021-07-18 14:03:00,2021-07-18 19:50:00,2021-07-18,5.8,WRK
19,3,,,2021-07-18,0.6,BREAK
19,3,2021-07-18 20:26:00,2021-07-18 22:03:00,2021-07-18,1.6,WRK
20,4,,,2021-07-18,8,ABSENT
22,5,,,2021-07-18,8,ABSENT
23,4,,,2021-07-18,8,ABSENT
24,2,2021-07-18 06:19:00,2021-07-18 10:54:00,2021-07-18,4.6,WRK
24,2,,,2021-07-18,0.9,BREAK
24,2,2021-07-18 11:50:00,2021-07-18 14:19:00,2021-07-18,2.5,WRK
25,1,,,2021-07-18,8,ABSENT
26,5,,,2021-07-18,8,ON_CALL
27,4,,,2021-07-18,8,ABSENT
28,1,,,2021-07-18,6,ON_CALL
28,1,2021-07-18 14:19:00,2021-07-18 16:19:00,2021-07-18,2.0,WRK
29,2,,,2021-07-18,2,CHARGE
29,2,2021-07-18 14:17:00,2021-07-18 19:59:00,2021-07-18,5.7,WRK
29,2,,,2021-07-18,0.9,BREAK
29,2,2021-07-18 20:54:00,2021-07-18 22:17:00,2021-07-18,1.4,WRK
1,5,,,2021-07-19,6,ON_CALL
1,5,2021-07-19 14:13:00,2021-07-19 16:13:00,2021-07-19,2.0,WRK
2,4,,,2021-07-19,1,CHARGE
2,4,2021-07-19 06:20:00,2021-07-19 09:55:00,2021-07-19,3.6,WRK
2,4,,,2021-07-19,0.8,BREAK
2,4,2021-07-19 10:40:00,2021-07-19 14:20:00,2021-07-19,3.7,WRK
3,5,,,2021-07-19,6,ON_CALL
3,5,2021-07-19 06:00:00,2021-07-19 08:00:00,2021-07-19,2.0,WRK
4,5,,,2021-07-19,8,ABSENT
5,4,,,2021-07-19,8,ABSENT
6,2,,,2021-07-19,7,ON_CALL
6,2,2021-07-19 14:15:00,2021-07-19 15:15:00,2021-07-19,1.0,WRK
7,4,,,2021-07-19,8,ABSENT
10,3,,,2021-07-19,6,ON_CALL
10,3,2021-07-19 06:08:00,2021-07-19 08:08:00,2021-07-19,2.0,WRK
11,5,,,2021-07-19,8,ABSENT
12,5,2021-07-19 14:11:00,2021-07-19 16:54:00,2021-07-19,2.7,WRK
12,5,,,2021-07-19,0.9,BREAK
12,5,2021-07-19 17:46:00,2021-07-19 22:11:00,2021-07-19,4.4,WRK
13,1,,,2021-07-19,6,ON_CALL
13,1,2021-07-19 14:04:00,2021-07-19 16:04:00,2021-07-19,2.0,WRK
14,5,,,2021-07-19,8,ABSENT
15,2,,,2021-07-19,1,CHARGE
15,2,2021-07-19 14:10:00,2021-07-19 18:52:00,2021-07-19,4.7,WRK
15,2,,,2021-07-19,0.8,BREAK
15,2,2021-07-19 19:37:00,2021-07-19 22:10:00,2021-07-19,2.5,WRK
16,3,,,2021-07-19,8,ABSENT
18,1,,,2021-07-19,1,CHARGE
18,1,2021-07-19 06:06:00,2021-07-19 10:40:00,2021-07-19,4.6,WRK
18,1,,,2021-07-19,1.0,BREAK
18,1,2021-07-19 11:39:00,2021-07-19 14:06:00,2021-07-19,2.5,WRK
20,4,,,2021-07-19,7,ON_CALL
20,4,2021-07-19 14:03:00,2021-07-19 15:03:00,2021-07-19,1.0,WRK
21,3,,,2021-07-19,7,ON_CALL
21,3,2021-07-19 14:09:00,2021-07-19 15:09:00,2021-07-19,1.0,WRK
22,5,,,2021-07-19,8,ABSENT
23,4,,,2021-07-19,6,ON_CALL
23,4,2021-07-19 14:12:00,2021-07-19 16:12:00,2021-07-19,2.0,WRK
24,2,,,2021-07-19,8,ABSENT
25,1,,,2021-07-19,8,ABSENT
26,5,,,2021-07-19,5,ON_CALL
26,5,2021-07-19 14:09:00,2021-07-19 17:09:00,2021-07-19,3.0,WRK
27,4,2021-07-19 06:11:00,2021-07-19 10:51:00,2021-07-19,4.7,WRK
27,4,,,2021-07-19,0.7,BREAK
27,4,2021-07-19 11:35:00,2021-07-19 14:11:00,2021-07-19,2.6,WRK
29,2,,,2021-07-19,8,ABSENT
1,5,2021-07-20 14:00:00,2021-07-20 16:35:00,2021-07-20,2.6,WRK
1,5,,,2021-07-20,0.8,BREAK
1,5,2021-07-20 17:20:00,2021-07-20 22:00:00,2021-07-20,4.7,WRK
2,4,,,2021-07-20,8,ON_CALL
6,2,,,2021-07-20,8,ABSENT
7,4,2021-07-20 06:02:00,2021-07-20 11:49:00,2021-07-20,5.8,WRK
7,4,,,2021-07-20,0.6,BREAK
7,4,2021-07-20 12:25:00,2021-07-20 14:02:00,2021-07-20,1.6,WRK
8,4,,,2021-07-20,7,ON_CALL
8,4,2021-07-20 14:05:00,2021-07-20 15:05:00,2021-07-20,1.0,WRK
10,3,,,2021-07-20,5,ON_CALL
10,3,2021-07-20 14:11:00,2021-07-20 17:11:00,2021-07-20,3.0,WRK
11,5,,,2021-07-20,2,CHARGE
11,5,2021-07-20 14:15:00,2021-07-20 19:51:00,2021-07-20,5.6,WRK
11,5,,,2021-07-20,0.8,BREAK
11,5,2021-07-20 20:39:00,2021-07-20 22:15:00,2021-07-20,1.6,WRK
12,5,2021-07-20 06:10:00,2021-07-20 09:42:00,2021-07-20,3.5,WRK
12,5,,,2021-07-20,0.6,BREAK
12,5,2021-07-20 10:18:00,2021-07-20 14:10:00,2021-07-20,3.9,WRK
14,5,,,2021-07-20,6,ON_CALL
14,5,2021-07-20 06:19:00,2021-07-20 08:19:00,2021-07-20,2.0,WRK
15,2,2021-07-20 14:18:00,2021-07-20 18:06:00,2021-07-20,3.8,WRK
15,2,,,2021-07-20,0.9,BREAK
15,2,2021-07-20 19:03:00,2021-07-20 22:18:00,2021-07-20,3.2,WRK
16,3,,,2021-07-20,6,ON_CALL
16,3,2021-07-20 14:09:00,2021-07-20 16:09:00,2021-07-20,2.0,WRK
17,1,,,2021-07-20,8,ABSENT
18,1,2021-07-20 14:17:00,2021-07-20 20:03:00,2021-07-20,5.8,WRK
18,1,,,2021-07-20,1.0,BREAK
18,1,2021-07-20 21:01:00,2021-07-20 22:17:00,2021-07-20,1.3,WRK
19,3,,,2021-07-20,8,ABSENT
20,4,2021-07-20 06:14:00,2021-07-20 11:56:00,2021-07-20,5.7,WRK
20,4,,,2021-07-20,0.9,BREAK
20,4,2021-07-20 12:49:00,2021-07-20 14:14:00,2021-07-20,1.4,WRK
21,3,,,2021-07-20,7,ON_CALL
21,3,2021-07-20 06:09:00,2021-07-20 07:09:00,2021-07-20,1.0,WRK
22,5,,,2021-07-20,1,CHARGE
22,5,2021-07-20 06:04:00,2021-07-20 08:34:00,2021-07-20,2.5,WRK
22,5,,,2021-07-20,0.9,BREAK
22,5,2021-07-20 09:27:00,2021-07-20 14:04:00,2021-07-20,4.6,WRK
23,4,2021-07-20 06:07:00,2021-07-20 11:42:00,2021-07-20,5.6,WRK
23,4,,,2021-07-20,0.7,BREAK
23,4,2021-07-20 12:26:00,2021-07-20 14:07:00,2021-07-20,1.7,WRK
24,2,,,2021-07-20,8,ABSENT
25,1,,,2021-07-20,8,ON_CALL
26,5,,,2021-07-20,8,ABSENT
27,4,,,2021-07-20,8,ABSENT
28,1,,,2021-07-20,1,CHARGE
28,1,2021-07-20 14:11:00,2021-07-20 17:45:00,2021-07-20,3.6,WRK
28,1,,,2021-07-20,0.8,BREAK
28,1,2021-07-20 18:30:00,2021-07-20 22:11:00,2021-07-20,3.7,WRK
29,2,,,2021-07-20,8,ABSENT
1,5,,,2021-07-21,3,CHARGE
1,5,2021-07-21 06:07:00,2021-07-21 09:55:00,2021-07-21,3.8,WRK
1,5,,,2021-07-21,0.6,BREAK
1,5,2021-07-21 10:33:00,2021-07-21 14:07:00,2021-07-21,3.6,WRK
3,5,,,2021-07-21,7,ON_CALL
3,5,2021-07-21 06:10:00,2021-07-21 07:10:00,2021-07-21,1.0,WRK
4,5,,,2021-07-21,8,ABSENT
5,4,,,2021-07-21,2,CHARGE
5,4,2021-07-21 14:19:00,2021-07-21 19:52:00,2021-07-21,5.6,WRK
5,4,,,2021-07-21,0.7,BREAK
5,4,2021-07-21 20:33:00,2021-07-21 22:19:00,2021-07-21,1.8,WRK
6,2,,,2021-07-21,8,ABSENT
7,4,,,2021-07-21,8,ABSENT
8,4,2021-07-21 14:11:00,2021-07-21 17:42:00,2021-07-21,3.5,WRK
8,4,,,2021-07-21,0.8,BREAK
8,4,2021-07-21 18:31:00,2021-07-21 22:11:00,2021-07-21,3.7,WRK
11,5,,,2021-07-21,6,ON_CALL
11,5,2021-07-21 14:04:00,2021-07-21 16:04:00,2021-07-21,2.0,WRK
12,5,,,2021-07-21,3,CHARGE
12,5,2021-07-21 06:10:00,2021-07-21 09:54:00,2021-07-21,3.7,WRK
12,5,,,2021-07-21,0.6,BREAK
12,5,2021-07-21 10:28:00,2021-07-21 14:10:00,2021-07-21,3.7,WRK
13,1,,,2021-07-21,1,CHARGE
13,1,2021-07-21 06:17:00,2021-07-21 10:47:00,2021-07-21,4.5,WRK
13,1,,,2021-07-21,0.9,BREAK
13,1,2021-07-21 11:44:00,2021-07-21 14:17:00,2021-07-21,2.5,WRK
14,5,,,2021-07-21,8,ABSENT
15,2,,,2021-07-21,1,CHARGE
15,2,2021-07-21 14:10:00,2021-07-21 20:00:00,2021-07-21,5.8,WRK
15,2,,,2021-07-21,0.9,BREAK
15,2,2021-07-21 20:55:00,2021-07-21 22:10:00,2021-07-21,1.2,WRK
16,3,2021-07-21 06:01:00,2021-07-21 08:46:00,2021-07-21,2.8,WRK
16,3,,,2021-07-21,0.8,BREAK
16,3,2021-07-21 09:32:00,2021-07-21 14:01:00,2021-07-21,4.5,WRK
17,1,,,2021-07-21,7,ON_CALL
17,1,2021-07-21 06:00:00,2021-07-21 07:00:00,2021-07-21,1.0,WRK
18,1,,,2021-07-21,6,ON_CALL
18,1,2021-07-21 06:02:00,2021-07-21 08:02:00,2021-07-21,2.0,WRK
19,3,,,2021-07-21,8,ABSENT
21,3,,,2021-07-21,6,ON_CALL
21,3,2021-07-21 06:11:00,2021-07-21 08:11:00,2021-07-21,2.0,WRK
22,5,,,2021-07-21,8,ABSENT
23,4,,,2021-07-21,1,CHARGE
23,4,2021-07-21 06:15:00,2021-07-21 09:45:00,2021-07-21,3.5,WRK
23,4,,,2021-07-21,0.5,BREAK
23,4,2021-07-21 10:16:00,2021-07-21 14:15:00,2021-07-21,4.0,WRK
24,2,2021-07-21 14:14:00,2021-07-21 16:45:00,2021-07-21,2.5,WRK
24,2,,,2021-07-21,0.8,BREAK
24,2,2021-07-21 17:34:00,2021-07-21 22:14:00,2021-07-21,4.7,WRK
26,5,2021-07-21 14:20:00,2021-07-21 17:51:00,2021-07-21,3.5,WRK
26,5,,,2021-07-21,0.9,BREAK
26,5,2021-07-21 18:43:00,2021-07-21 22:20:00,2021-07-21,3.6,WRK
27,4,,,2021-07-21,8,ON_CALL
28,1,2021-07-21 14:13:00,2021-07-21 20:01:00,2021-07-21,5.8,WRK
28,1,,,2021-07-21,0.5,BREAK
28,1,2021-07-21 20:33:00,2021-07-21 22:13:00,2021-07-21,1.7,WRK
29,2,,,2021-07-21,7,ON_CALL
29,2,2021-07-21 14:09:00,2021-07-21 15:09:00,2021-07-21,1.0,WRK
1,5,,,2021-07-22,8,ABSENT
2,4,,,2021-07-22,1,CHARGE
2,4,2021-07-22 06:02:00,2021-07-22 11:44:00,2021-07-22,5.7,WRK
2,4,,,2021-07-22,0.5,BREAK
2,4,2021-07-22 12:15:00,2021-07-22 14:02:00,2021-07-22,1.8,WRK
3,5,,,2021-07-22,6,ON_CALL
3,5,2021-07-22 14:01:00,2021-07-22 16:01:00,2021-07-22,2.0,WRK
5,4,2021-07-22 14:19:00,2021-07-22 17:09:00,2021-07-22,2.8,WRK
5,4,,,2021-07-22,0.8,BREAK
5,4,2021-07-22 17:56:00,2021-07-22 22:19:00,2021-07-22,4.4,WRK
6,2,,,2021-07-22,6,ON_CALL
6,2,2021-07-22 14:20:00,2021-07-22 16:20:00,2021-07-22,2.0,WRK
7,4,,,2021-07-22,8,ABSENT
8,4,,,2021-07-22,8,ABSENT
9,3,,,2021-07-22,8,ABSENT
10,3,,,2021-07-22,1,CHARGE
10,3,2021-07-22 06:09:00,2021-07-22 10:58:00,2021-07-22,4.8,WRK
10,3,,,2021-07-22,0.9,BREAK
10,3,2021-07-22 11:54:00,2021-07-22 14:09:00,2021-07-22,2.2,WRK
11,5,2021-07-22 06:17:00,2021-07-22 09:47:00,2021-07-22,3.5,WRK
11,5,,,2021-07-22,0.7,BREAK
11,5,2021-07-22 10:26:00,2021-07-22 14:17:00,2021-07-22,3.9,WRK
12,5,,,2021-07-22,1,CHARGE
12,5,2021-07-22 06:12:00,2021-07-22 10:44:00,2021-07-22,4.5,WRK
12,5,,,2021-07-22,0.6,BREAK
12,5,2021-07-22 11:20:00,2021-07-22 14:12:00,2021-07-22,2.9,WRK
13,1,,,2021-07-22,3,CHARGE
13,1,2021-07-22 06:13:00,2021-07-22 08:52:00,2021-07-22,2.7,WRK
13,1,,,2021-07-22,0.7,BREAK
13,1,2021-07-22 09:35:00,2021-07-22 14:13:00,2021-07-22,4.6,WRK
14,5,,,2021-07-22,8,ON_CALL
15,2,,,2021-07-22,8,ON_CALL
16,3,,,2021-07-22,8,ABSENT
18,1,,,2021-07-22,8,ABSENT
19,3,,,2021-07-22,8,ABSENT
21,3,,,2021-07-22,1,CHARGE
21,3,2021-07-22 06:17:00,2021-07-22 10:51:00,2021-07-22,4.6,WRK
21,3,,,2021-07-22,0.9,BREAK
21,3,2021-07-22 11:47:00,2021-07-22 14:17:00,2021-07-22,2.5,WRK
22,5,2021-07-22 14:20:00,2021-07-22 18:50:00,2021-07-22,4.5,WRK
22,5,,,2021-07-22,0.8,BREAK
22,5,2021-07-22 19:40:00,2021-07-22 22:20:00,2021-07-22,2.7,WRK
24,2,,,2021-07-22,1,CHARGE
24,2,2021-07-22 14:18:00,2021-07-22 16:51:00,2021-07-22,2.6,WRK
24,2,,,2021-07-22,0.9,BREAK
24,2,2021-07-22 17:43:00,2021-07-22 22:18:00,2021-07-22,4.6,WRK
25,1,,,2021-07-22,5,ON_CALL
25,1,2021-07-22 06:00:00,2021-07-22 09:00:00,2021-07-22,3.0,WRK
26,5,,,2021-07-22,3,CHARGE
26,5,2021-07-22 14:17:00,2021-07-22 18:03:00,2021-07-22,3.8,WRK
26,5,,,2021-07-22,0.6,BREAK
26,5,2021-07-22 18:40:00,2021-07-22 22:17:00,2021-07-22,3.6,WRK
27,4,,,2021-07-22,8,ABSENT
28,1,,,2021-07-22,2,CHARGE
28,1,2021-07-22 14:20:00,2021-07-22 19:08:00,2021-07-22,4.8,WRK
28,1,,,2021-07-22,0.6,BREAK
28,1,2021-07-22 19:42:00,2021-07-22 22:20:00,2021-07-22,2.6,WRK
1,5,,,2021-07-23,6,ON_CALL
1,5,2021-07-23 06:02:00,2021-07-23 08:02:00,2021-07-23,2.0,WRK
2,4,,,2021-07-23,8,ON_CALL
3,5,,,2021-07-23,6,ON_CALL
3,5,2021-07-23 06:04:00,2021-07-23 08:04:00,2021-07-23,2.0,WRK
4,5,,,2021-07-23,8,ABSENT
5,4,2021-07-23 14:12:00,2021-07-23 17:51:00,2021-07-23,3.7,WRK
5,4,,,2021-07-23,1.0,BREAK
5,4,2021-07-23 18:51:00,2021-07-23 22:12:00,2021-07-23,3.4,WRK
6,2,,,2021-07-23,8,ABSENT
7,4,,,2021-07-23,8,ON_CALL
9,3,,,2021-07-23,5,ON_CALL
9,3,2021-07-23 14:09:00,2021-07-23 17:09:00,2021-07-23,3.0,WRK
10,3,,,2021-07-23,8,ABSENT
11,5,,,2021-07-23,6,ON_CALL
11,5,2021-07-23 14:05:00,2021-07-23 16:05:00,2021-07-23,2.0,WRK
12,5,,,2021-07-23,8,ABSENT
13,1,,,2021-07-23,8,ABSENT
14,5,2021-07-23 14:01:00,2021-07-23 19:43:00,2021-07-23,5.7,WRK
14,5,,,2021-07-23,0.8,BREAK
14,5,2021-07-23 20:29:00,2021-07-23 22:01:00,2021-07-23,1.5,WRK
15,2,2021-07-23 14:19:00,2021-07-23 18:06:00,2021-07-23,3.8,WRK
15,2,,,2021-07-23,0.7,BREAK
15,2,2021-07-23 18:48:00,2021-07-23 22:19:00,2021-07-23,3.5,WRK
16,3,,,2021-07-23,5,ON_CALL
16,3,2021-07-23 06:08:00,2021-07-23 09:08:00,2021-07-23,3.0,WRK
17,1,,,2021-07-23,5,ON_CALL
17,1,2021-07-23 06:07:00,2021-07-23 09:07:00,2021-07-23,3.0,WRK
18,1,,,2021-07-23,8,ABSENT
19,3,,,2021-07-23,7,ON_CALL
19,3,2021-07-23 06:11:00,2021-07-23 07:11:00,2021-07-23,1.0,WRK
21,3,,,2021-07-23,8,ABSENT
23,4,,,2021-07-23,3,CHARGE
23,4,2021-07-23 14:03:00,2021-07-23 16:44:00,2021-07-23,2.7,WRK
23,4,,,2021-07-23,0.7,BREAK
23,4,2021-07-23 17:27:00,2021-07-23 22:03:00,2021-07-23,4.6,WRK
24,2,,,2021-07-23,2,CHARGE
24,2,2021-07-23 06:00:00,2021-07-23 11:43:00,2021-07-23,5.7,WRK
24,2,,,2021-07-23,0.8,BREAK
24,2,2021-07-23 12:33:00,2021-07-23 14:00:00,2021-07-23,1.4,WRK
25,1,2021-07-23 14:13:00,2021-07-23 18:52:00,2021-07-23,4.7,WRK
25,1,,,2021-07-23,0.6,BREAK
25,1,2021-07-23 19:28:00,2021-07-23 22:13:00,2021-07-23,2.8,WRK
28,1,2021-07-23 14:00:00,2021-07-23 16:45:00,2021-07-23,2.8,WRK
28,1,,,2021-07-23,0.9,BREAK
28,1,2021-07-23 17:39:00,2021-07-23 22:00:00,2021-07-23,4.3,WRK
29,2,,,2021-07-23,6,ON_CALL
29,2,2021-07-23 06:13:00,2021-07-23 08:13:00,2021-07-23,2.0,WRK
